continent,country_of_birth,total,Hasta 1989,De 1990 a 1999,De 2000 a 2004,De 2005 a 2009,De 2010 a 2014,De 2015 a 2019,De 2020 a 2022,Ignorado,universe,source_table,source_file,source_page
,Total,1933463,476082,184776,120297,214705,175909,255262,62667,443765,Poblacion en viviendas particulares,"Cuadro 13. Total del pais. Poblacion en viviendas particulares nacida en otro pais, por ano de llegada al pais, segun lugar de nacimiento. Ano 2022",c2022_tp_migraciones_c13.xlsx,coarser 5-period version printed in PDF p.28
América,Total América,1567110,355075,168403,110873,198271,156284,237859,57175,283170,Poblacion en viviendas particulares,"Cuadro 13. Total del pais. Poblacion en viviendas particulares nacida en otro pais, por ano de llegada al pais, segun lugar de nacimiento. Ano 2022",c2022_tp_migraciones_c13.xlsx,coarser 5-period version printed in PDF p.28
América,Países limítrofes,1155306,340305,130329,88139,157751,107830,79259,25229,226464,Poblacion en viviendas particulares,"Cuadro 13. Total del pais. Poblacion en viviendas particulares nacida en otro pais, por ano de llegada al pais, segun lugar de nacimiento. Ano 2022",c2022_tp_migraciones_c13.xlsx,coarser 5-period version printed in PDF p.28
América,Bolivia,338299,62993,50196,31388,51391,36627,26301,6433,72970,Poblacion en viviendas particulares,"Cuadro 13. Total del pais. Poblacion en viviendas particulares nacida en otro pais, por ano de llegada al pais, segun lugar de nacimiento. Ano 2022",c2022_tp_migraciones_c13.xlsx,coarser 5-period version printed in PDF p.28
América,Brasil,49943,9699,3680,1931,2588,4297,12478,7435,7835,Poblacion en viviendas particulares,"Cuadro 13. Total del pais. Poblacion en viviendas particulares nacida en otro pais, por ano de llegada al pais, segun lugar de nacimiento. Ano 2022",c2022_tp_migraciones_c13.xlsx,coarser 5-period version printed in PDF p.28
América,Chile,149082,101454,9759,2129,3198,3271,3513,2205,23553,Poblacion en viviendas particulares,"Cuadro 13. Total del pais. Poblacion en viviendas particulares nacida en otro pais, por ano de llegada al pais, segun lugar de nacimiento. Ano 2022",c2022_tp_migraciones_c13.xlsx,coarser 5-period version printed in PDF p.28
América,Paraguay,522598,108631,59981,49779,97167,60809,34035,8058,104138,Poblacion en viviendas particulares,"Cuadro 13. Total del pais. Poblacion en viviendas particulares nacida en otro pais, por ano de llegada al pais, segun lugar de nacimiento. Ano 2022",c2022_tp_migraciones_c13.xlsx,coarser 5-period version printed in PDF p.28
América,Uruguay,95384,57528,6713,2912,3407,2826,2932,1098,17968,Poblacion en viviendas particulares,"Cuadro 13. Total del pais. Poblacion en viviendas particulares nacida en otro pais, por ano de llegada al pais, segun lugar de nacimiento. Ano 2022",c2022_tp_migraciones_c13.xlsx,coarser 5-period version printed in PDF p.28
América,Países no limítrofes,411804,14770,38074,22734,40520,48454,158600,31946,56706,Poblacion en viviendas particulares,"Cuadro 13. Total del pais. Poblacion en viviendas particulares nacida en otro pais, por ano de llegada al pais, segun lugar de nacimiento. Ano 2022",c2022_tp_migraciones_c13.xlsx,coarser 5-period version printed in PDF p.28
América,Colombia,46482,883,746,744,3211,11478,15422,4525,9473,Poblacion en viviendas particulares,"Cuadro 13. Total del pais. Poblacion en viviendas particulares nacida en otro pais, por ano de llegada al pais, segun lugar de nacimiento. Ano 2022",c2022_tp_migraciones_c13.xlsx,coarser 5-period version printed in PDF p.28
América,Perú,156251,7176,33526,18459,28993,23336,13978,4192,26591,Poblacion en viviendas particulares,"Cuadro 13. Total del pais. Poblacion en viviendas particulares nacida en otro pais, por ano de llegada al pais, segun lugar de nacimiento. Ano 2022",c2022_tp_migraciones_c13.xlsx,coarser 5-period version printed in PDF p.28
América,Venezuela,161495,1280,586,412,1340,5627,118421,17982,15847,Poblacion en viviendas particulares,"Cuadro 13. Total del pais. Poblacion en viviendas particulares nacida en otro pais, por ano de llegada al pais, segun lugar de nacimiento. Ano 2022",c2022_tp_migraciones_c13.xlsx,coarser 5-period version printed in PDF p.28
América,Resto de América,47576,5431,3216,3119,6976,8013,10779,5247,4795,Poblacion en viviendas particulares,"Cuadro 13. Total del pais. Poblacion en viviendas particulares nacida en otro pais, por ano de llegada al pais, segun lugar de nacimiento. Ano 2022",c2022_tp_migraciones_c13.xlsx,coarser 5-period version printed in PDF p.28
Europa,Total Europa,145808,98701,5796,2936,5642,8206,4577,2167,17783,Poblacion en viviendas particulares,"Cuadro 13. Total del pais. Poblacion en viviendas particulares nacida en otro pais, por ano de llegada al pais, segun lugar de nacimiento. Ano 2022",c2022_tp_migraciones_c13.xlsx,coarser 5-period version printed in PDF p.28
Europa,España,48492,31151,1193,670,2864,4851,1642,688,5433,Poblacion en viviendas particulares,"Cuadro 13. Total del pais. Poblacion en viviendas particulares nacida en otro pais, por ano de llegada al pais, segun lugar de nacimiento. Ano 2022",c2022_tp_migraciones_c13.xlsx,coarser 5-period version printed in PDF p.28
Europa,Italia,68169,54722,1288,347,1034,1237,662,264,8615,Poblacion en viviendas particulares,"Cuadro 13. Total del pais. Poblacion en viviendas particulares nacida en otro pais, por ano de llegada al pais, segun lugar de nacimiento. Ano 2022",c2022_tp_migraciones_c13.xlsx,coarser 5-period version printed in PDF p.28
Europa,Resto de Europa,29147,12828,3315,1919,1744,2118,2273,1215,3735,Poblacion en viviendas particulares,"Cuadro 13. Total del pais. Poblacion en viviendas particulares nacida en otro pais, por ano de llegada al pais, segun lugar de nacimiento. Ano 2022",c2022_tp_migraciones_c13.xlsx,coarser 5-period version printed in PDF p.28
Asia,Total Asia,37342,7985,4678,2735,4439,4110,4963,841,7591,Poblacion en viviendas particulares,"Cuadro 13. Total del pais. Poblacion en viviendas particulares nacida en otro pais, por ano de llegada al pais, segun lugar de nacimiento. Ano 2022",c2022_tp_migraciones_c13.xlsx,coarser 5-period version printed in PDF p.28
África,Total África,3243,579,157,131,320,625,760,144,527,Poblacion en viviendas particulares,"Cuadro 13. Total del pais. Poblacion en viviendas particulares nacida en otro pais, por ano de llegada al pais, segun lugar de nacimiento. Ano 2022",c2022_tp_migraciones_c13.xlsx,coarser 5-period version printed in PDF p.28
Oceanía,Total Oceanía,721,207,94,37,82,66,96,55,84,Poblacion en viviendas particulares,"Cuadro 13. Total del pais. Poblacion en viviendas particulares nacida en otro pais, por ano de llegada al pais, segun lugar de nacimiento. Ano 2022",c2022_tp_migraciones_c13.xlsx,coarser 5-period version printed in PDF p.28
,Ignorado,179239,13535,5648,3585,5951,6618,7007,2285,134610,Poblacion en viviendas particulares,"Cuadro 13. Total del pais. Poblacion en viviendas particulares nacida en otro pais, por ano de llegada al pais, segun lugar de nacimiento. Ano 2022",c2022_tp_migraciones_c13.xlsx,coarser 5-period version printed in PDF p.28
