code,jurisdiction,pop_private_dwellings,born_this_province,born_other_province,born_other_country,universe,source_table,source_file,source_page
Total,Total del pais,45618787,36772721,6912603,1933463,Poblacion en viviendas particulares,"Cuadro 1. Total del pais. Poblacion en viviendas particulares por lugar de nacimiento, segun jurisdiccion. Ano 2022",c2022_tp_migraciones_c1.xlsx,PDF p.27
02,Ciudad Autónoma de Buenos Aires,3095454,2051723,624640,419091,Poblacion en viviendas particulares,"Cuadro 1. Total del pais. Poblacion en viviendas particulares por lugar de nacimiento, segun jurisdiccion. Ano 2022",c2022_tp_migraciones_c1.xlsx,PDF p.27
06,Buenos Aires,17408906,13667461,2746792,994653,Poblacion en viviendas particulares,"Cuadro 1. Total del pais. Poblacion en viviendas particulares por lugar de nacimiento, segun jurisdiccion. Ano 2022",c2022_tp_migraciones_c1.xlsx,PDF p.27
,24 Partidos del Gran Buenos Aires,10801336,8142687,1918294,740355,Poblacion en viviendas particulares,"Cuadro 1. Total del pais. Poblacion en viviendas particulares por lugar de nacimiento, segun jurisdiccion. Ano 2022",c2022_tp_migraciones_c1.xlsx,PDF p.27
,Resto de la Provincia de Buenos Aires,6607570,5524774,828498,254298,Poblacion en viviendas particulares,"Cuadro 1. Total del pais. Poblacion en viviendas particulares por lugar de nacimiento, segun jurisdiccion. Ano 2022",c2022_tp_migraciones_c1.xlsx,PDF p.27
10,Catamarca,427625,363459,61935,2231,Poblacion en viviendas particulares,"Cuadro 1. Total del pais. Poblacion en viviendas particulares por lugar de nacimiento, segun jurisdiccion. Ano 2022",c2022_tp_migraciones_c1.xlsx,PDF p.27
22,Chaco,1124603,1025532,93082,5989,Poblacion en viviendas particulares,"Cuadro 1. Total del pais. Poblacion en viviendas particulares por lugar de nacimiento, segun jurisdiccion. Ano 2022",c2022_tp_migraciones_c1.xlsx,PDF p.27
26,Chubut,589454,413880,146598,28976,Poblacion en viviendas particulares,"Cuadro 1. Total del pais. Poblacion en viviendas particulares por lugar de nacimiento, segun jurisdiccion. Ano 2022",c2022_tp_migraciones_c1.xlsx,PDF p.27
14,Córdoba,3812064,3216243,530118,65703,Poblacion en viviendas particulares,"Cuadro 1. Total del pais. Poblacion en viviendas particulares por lugar de nacimiento, segun jurisdiccion. Ano 2022",c2022_tp_migraciones_c1.xlsx,PDF p.27
18,Corrientes,1209671,1052341,144177,13153,Poblacion en viviendas particulares,"Cuadro 1. Total del pais. Poblacion en viviendas particulares por lugar de nacimiento, segun jurisdiccion. Ano 2022",c2022_tp_migraciones_c1.xlsx,PDF p.27
30,Entre Ríos,1415097,1243459,157284,14354,Poblacion en viviendas particulares,"Cuadro 1. Total del pais. Poblacion en viviendas particulares por lugar de nacimiento, segun jurisdiccion. Ano 2022",c2022_tp_migraciones_c1.xlsx,PDF p.27
34,Formosa,605507,535451,52948,17108,Poblacion en viviendas particulares,"Cuadro 1. Total del pais. Poblacion en viviendas particulares por lugar de nacimiento, segun jurisdiccion. Ano 2022",c2022_tp_migraciones_c1.xlsx,PDF p.27
38,Jujuy,809364,659681,119366,30317,Poblacion en viviendas particulares,"Cuadro 1. Total del pais. Poblacion en viviendas particulares por lugar de nacimiento, segun jurisdiccion. Ano 2022",c2022_tp_migraciones_c1.xlsx,PDF p.27
42,La Pampa,359193,280377,75315,3501,Poblacion en viviendas particulares,"Cuadro 1. Total del pais. Poblacion en viviendas particulares por lugar de nacimiento, segun jurisdiccion. Ano 2022",c2022_tp_migraciones_c1.xlsx,PDF p.27
46,La Rioja,382453,307154,69527,5772,Poblacion en viviendas particulares,"Cuadro 1. Total del pais. Poblacion en viviendas particulares por lugar de nacimiento, segun jurisdiccion. Ano 2022",c2022_tp_migraciones_c1.xlsx,PDF p.27
50,Mendoza,2030773,1716654,247529,66590,Poblacion en viviendas particulares,"Cuadro 1. Total del pais. Poblacion en viviendas particulares por lugar de nacimiento, segun jurisdiccion. Ano 2022",c2022_tp_migraciones_c1.xlsx,PDF p.27
54,Misiones,1273347,1119570,114750,39027,Poblacion en viviendas particulares,"Cuadro 1. Total del pais. Poblacion en viviendas particulares por lugar de nacimiento, segun jurisdiccion. Ano 2022",c2022_tp_migraciones_c1.xlsx,PDF p.27
58,Neuquén,708578,481134,188077,39367,Poblacion en viviendas particulares,"Cuadro 1. Total del pais. Poblacion en viviendas particulares por lugar de nacimiento, segun jurisdiccion. Ano 2022",c2022_tp_migraciones_c1.xlsx,PDF p.27
62,Río Negro,747697,519593,187278,40826,Poblacion en viviendas particulares,"Cuadro 1. Total del pais. Poblacion en viviendas particulares por lugar de nacimiento, segun jurisdiccion. Ano 2022",c2022_tp_migraciones_c1.xlsx,PDF p.27
66,Salta,1434225,1250229,154499,29497,Poblacion en viviendas particulares,"Cuadro 1. Total del pais. Poblacion en viviendas particulares por lugar de nacimiento, segun jurisdiccion. Ano 2022",c2022_tp_migraciones_c1.xlsx,PDF p.27
70,San Juan,819445,739212,71973,8260,Poblacion en viviendas particulares,"Cuadro 1. Total del pais. Poblacion en viviendas particulares por lugar de nacimiento, segun jurisdiccion. Ano 2022",c2022_tp_migraciones_c1.xlsx,PDF p.27
74,San Luis,540548,383105,149224,8219,Poblacion en viviendas particulares,"Cuadro 1. Total del pais. Poblacion en viviendas particulares por lugar de nacimiento, segun jurisdiccion. Ano 2022",c2022_tp_migraciones_c1.xlsx,PDF p.27
78,Santa Cruz,335677,182642,130924,22111,Poblacion en viviendas particulares,"Cuadro 1. Total del pais. Poblacion en viviendas particulares por lugar de nacimiento, segun jurisdiccion. Ano 2022",c2022_tp_migraciones_c1.xlsx,PDF p.27
82,Santa Fe,3519059,3024215,445982,48862,Poblacion en viviendas particulares,"Cuadro 1. Total del pais. Poblacion en viviendas particulares por lugar de nacimiento, segun jurisdiccion. Ano 2022",c2022_tp_migraciones_c1.xlsx,PDF p.27
86,Santiago del Estero,1057752,929370,123102,5280,Poblacion en viviendas particulares,"Cuadro 1. Total del pais. Poblacion en viviendas particulares por lugar de nacimiento, segun jurisdiccion. Ano 2022",c2022_tp_migraciones_c1.xlsx,PDF p.27
94,"Tierra del Fuego, Antártida e Islas del Atlántico Sur",184958,78510,94197,12251,Poblacion en viviendas particulares,"Cuadro 1. Total del pais. Poblacion en viviendas particulares por lugar de nacimiento, segun jurisdiccion. Ano 2022",c2022_tp_migraciones_c1.xlsx,PDF p.27
90,Tucumán,1727337,1531726,183286,12325,Poblacion en viviendas particulares,"Cuadro 1. Total del pais. Poblacion en viviendas particulares por lugar de nacimiento, segun jurisdiccion. Ano 2022",c2022_tp_migraciones_c1.xlsx,PDF p.27
