continent,country_of_birth,total,0-4,5-9,10-14,15-19,20-24,25-29,30-34,35-39,40-44,45-49,50-54,55-59,60-64,65-69,70-74,75-79,80-84,85-89,90-94,95-99,100 y más,universe,source_table,source_file
Total,Total,1933463,20579,40130,55525,85843,111219,155745,194930,193685,165504,145046,138706,126000,105851,98792,101522,86460,54623,31911,15693,5059,640,Poblacion en viviendas particulares,"Cuadro 11. Total del pais. Poblacion en viviendas particulares nacida en otro pais, por lugar de nacimiento, segun grupo de edad. Ano 2022",c2022_tp_migraciones_c11.xlsx
África,Angola,177,4,0,7,16,19,33,14,13,8,17,11,11,10,4,5,2,0,2,1,0,0,Poblacion en viviendas particulares,"Cuadro 11. Total del pais. Poblacion en viviendas particulares nacida en otro pais, por lugar de nacimiento, segun grupo de edad. Ano 2022",c2022_tp_migraciones_c11.xlsx
África,Argelia,138,2,3,1,2,6,9,12,10,11,13,6,9,14,14,6,10,3,5,2,0,0,Poblacion en viviendas particulares,"Cuadro 11. Total del pais. Poblacion en viviendas particulares nacida en otro pais, por lugar de nacimiento, segun grupo de edad. Ano 2022",c2022_tp_migraciones_c11.xlsx
África,Benin,6,0,1,0,0,0,1,3,0,1,0,0,0,0,0,0,0,0,0,0,0,0,Poblacion en viviendas particulares,"Cuadro 11. Total del pais. Poblacion en viviendas particulares nacida en otro pais, por lugar de nacimiento, segun grupo de edad. Ano 2022",c2022_tp_migraciones_c11.xlsx
África,Botswana,8,0,0,0,2,1,0,1,0,0,1,0,0,0,0,0,3,0,0,0,0,0,Poblacion en viviendas particulares,"Cuadro 11. Total del pais. Poblacion en viviendas particulares nacida en otro pais, por lugar de nacimiento, segun grupo de edad. Ano 2022",c2022_tp_migraciones_c11.xlsx
África,Burkina Faso,18,0,0,1,0,0,1,0,1,1,2,4,1,1,2,0,2,0,0,1,1,0,Poblacion en viviendas particulares,"Cuadro 11. Total del pais. Poblacion en viviendas particulares nacida en otro pais, por lugar de nacimiento, segun grupo de edad. Ano 2022",c2022_tp_migraciones_c11.xlsx
África,Burundi,8,0,1,0,0,0,0,1,0,1,2,0,0,0,0,1,0,0,1,1,0,0,Poblacion en viviendas particulares,"Cuadro 11. Total del pais. Poblacion en viviendas particulares nacida en otro pais, por lugar de nacimiento, segun grupo de edad. Ano 2022",c2022_tp_migraciones_c11.xlsx
África,Cabo Verde,46,0,1,0,2,3,2,2,2,1,2,2,2,2,2,9,4,7,1,1,1,0,Poblacion en viviendas particulares,"Cuadro 11. Total del pais. Poblacion en viviendas particulares nacida en otro pais, por lugar de nacimiento, segun grupo de edad. Ano 2022",c2022_tp_migraciones_c11.xlsx
África,Camerún,40,1,1,1,1,2,5,8,4,3,5,5,0,3,0,0,1,0,0,0,0,0,Poblacion en viviendas particulares,"Cuadro 11. Total del pais. Poblacion en viviendas particulares nacida en otro pais, por lugar de nacimiento, segun grupo de edad. Ano 2022",c2022_tp_migraciones_c11.xlsx
África,Chad,7,0,0,0,0,1,0,2,1,1,0,0,0,0,0,2,0,0,0,0,0,0,Poblacion en viviendas particulares,"Cuadro 11. Total del pais. Poblacion en viviendas particulares nacida en otro pais, por lugar de nacimiento, segun grupo de edad. Ano 2022",c2022_tp_migraciones_c11.xlsx
África,Comoras,2,0,0,0,0,0,0,0,0,0,0,2,0,0,0,0,0,0,0,0,0,0,Poblacion en viviendas particulares,"Cuadro 11. Total del pais. Poblacion en viviendas particulares nacida en otro pais, por lugar de nacimiento, segun grupo de edad. Ano 2022",c2022_tp_migraciones_c11.xlsx
África,Congo,29,0,0,0,2,1,3,1,3,2,5,2,2,1,4,0,1,0,1,0,1,0,Poblacion en viviendas particulares,"Cuadro 11. Total del pais. Poblacion en viviendas particulares nacida en otro pais, por lugar de nacimiento, segun grupo de edad. Ano 2022",c2022_tp_migraciones_c11.xlsx
África,Costa de Marfil,28,0,0,1,0,2,5,2,3,6,4,0,3,0,1,1,0,0,0,0,0,0,Poblacion en viviendas particulares,"Cuadro 11. Total del pais. Poblacion en viviendas particulares nacida en otro pais, por lugar de nacimiento, segun grupo de edad. Ano 2022",c2022_tp_migraciones_c11.xlsx
África,Djibouti,4,0,1,0,0,0,0,0,1,1,0,0,0,1,0,0,0,0,0,0,0,0,Poblacion en viviendas particulares,"Cuadro 11. Total del pais. Poblacion en viviendas particulares nacida en otro pais, por lugar de nacimiento, segun grupo de edad. Ano 2022",c2022_tp_migraciones_c11.xlsx
África,Egipto,238,1,2,3,7,7,11,15,19,13,9,12,8,16,18,37,31,12,7,6,3,1,Poblacion en viviendas particulares,"Cuadro 11. Total del pais. Poblacion en viviendas particulares nacida en otro pais, por lugar de nacimiento, segun grupo de edad. Ano 2022",c2022_tp_migraciones_c11.xlsx
África,Eritrea,17,0,0,1,0,2,0,0,1,1,0,0,0,1,0,0,4,7,0,0,0,0,Poblacion en viviendas particulares,"Cuadro 11. Total del pais. Poblacion en viviendas particulares nacida en otro pais, por lugar de nacimiento, segun grupo de edad. Ano 2022",c2022_tp_migraciones_c11.xlsx
África,Etiopía,32,0,0,3,1,2,1,1,4,0,0,1,1,0,0,0,4,14,0,0,0,0,Poblacion en viviendas particulares,"Cuadro 11. Total del pais. Poblacion en viviendas particulares nacida en otro pais, por lugar de nacimiento, segun grupo de edad. Ano 2022",c2022_tp_migraciones_c11.xlsx
África,Gabón,3,0,0,0,0,1,0,0,1,0,0,0,0,0,0,1,0,0,0,0,0,0,Poblacion en viviendas particulares,"Cuadro 11. Total del pais. Poblacion en viviendas particulares nacida en otro pais, por lugar de nacimiento, segun grupo de edad. Ano 2022",c2022_tp_migraciones_c11.xlsx
África,Gambia,1,0,0,0,0,0,0,0,1,0,0,0,0,0,0,0,0,0,0,0,0,0,Poblacion en viviendas particulares,"Cuadro 11. Total del pais. Poblacion en viviendas particulares nacida en otro pais, por lugar de nacimiento, segun grupo de edad. Ano 2022",c2022_tp_migraciones_c11.xlsx
África,Ghana,103,0,1,1,1,5,22,16,20,9,11,7,6,1,1,0,1,1,0,0,0,0,Poblacion en viviendas particulares,"Cuadro 11. Total del pais. Poblacion en viviendas particulares nacida en otro pais, por lugar de nacimiento, segun grupo de edad. Ano 2022",c2022_tp_migraciones_c11.xlsx
África,Guinea,19,0,0,0,1,0,5,8,2,0,1,0,0,1,0,0,0,0,1,0,0,0,Poblacion en viviendas particulares,"Cuadro 11. Total del pais. Poblacion en viviendas particulares nacida en otro pais, por lugar de nacimiento, segun grupo de edad. Ano 2022",c2022_tp_migraciones_c11.xlsx
África,Guinea Bissau,31,1,7,14,4,0,0,0,1,1,2,0,1,0,0,0,0,0,0,0,0,0,Poblacion en viviendas particulares,"Cuadro 11. Total del pais. Poblacion en viviendas particulares nacida en otro pais, por lugar de nacimiento, segun grupo de edad. Ano 2022",c2022_tp_migraciones_c11.xlsx
África,Guinea Ecuatorial,31,2,1,1,0,1,11,11,1,0,1,0,0,1,0,0,0,0,0,1,0,0,Poblacion en viviendas particulares,"Cuadro 11. Total del pais. Poblacion en viviendas particulares nacida en otro pais, por lugar de nacimiento, segun grupo de edad. Ano 2022",c2022_tp_migraciones_c11.xlsx
África,Kenya,21,1,1,4,0,0,2,4,1,3,1,2,1,0,1,0,0,0,0,0,0,0,Poblacion en viviendas particulares,"Cuadro 11. Total del pais. Poblacion en viviendas particulares nacida en otro pais, por lugar de nacimiento, segun grupo de edad. Ano 2022",c2022_tp_migraciones_c11.xlsx
África,Lesotho,4,0,0,0,0,0,1,0,1,0,0,0,1,0,0,0,0,1,0,0,0,0,Poblacion en viviendas particulares,"Cuadro 11. Total del pais. Poblacion en viviendas particulares nacida en otro pais, por lugar de nacimiento, segun grupo de edad. Ano 2022",c2022_tp_migraciones_c11.xlsx
África,Liberia,18,0,0,0,0,0,0,5,3,0,1,2,4,3,0,0,0,0,0,0,0,0,Poblacion en viviendas particulares,"Cuadro 11. Total del pais. Poblacion en viviendas particulares nacida en otro pais, por lugar de nacimiento, segun grupo de edad. Ano 2022",c2022_tp_migraciones_c11.xlsx
África,Libia,39,0,0,2,0,0,1,1,1,2,1,1,2,0,1,4,3,13,7,0,0,0,Poblacion en viviendas particulares,"Cuadro 11. Total del pais. Poblacion en viviendas particulares nacida en otro pais, por lugar de nacimiento, segun grupo de edad. Ano 2022",c2022_tp_migraciones_c11.xlsx
África,Madagascar,7,0,0,0,0,0,2,0,1,0,2,0,0,0,1,0,1,0,0,0,0,0,Poblacion en viviendas particulares,"Cuadro 11. Total del pais. Poblacion en viviendas particulares nacida en otro pais, por lugar de nacimiento, segun grupo de edad. Ano 2022",c2022_tp_migraciones_c11.xlsx
África,Malawi,2,0,0,0,0,0,1,0,0,1,0,0,0,0,0,0,0,0,0,0,0,0,Poblacion en viviendas particulares,"Cuadro 11. Total del pais. Poblacion en viviendas particulares nacida en otro pais, por lugar de nacimiento, segun grupo de edad. Ano 2022",c2022_tp_migraciones_c11.xlsx
África,Malí,17,0,1,0,0,0,1,2,0,2,0,2,5,0,0,1,1,1,1,0,0,0,Poblacion en viviendas particulares,"Cuadro 11. Total del pais. Poblacion en viviendas particulares nacida en otro pais, por lugar de nacimiento, segun grupo de edad. Ano 2022",c2022_tp_migraciones_c11.xlsx
África,Marruecos,231,0,2,1,3,5,16,21,21,13,14,15,6,11,25,17,15,22,19,4,1,0,Poblacion en viviendas particulares,"Cuadro 11. Total del pais. Poblacion en viviendas particulares nacida en otro pais, por lugar de nacimiento, segun grupo de edad. Ano 2022",c2022_tp_migraciones_c11.xlsx
África,Mauricio,4,0,0,1,0,0,0,1,1,0,0,0,0,0,1,0,0,0,0,0,0,0,Poblacion en viviendas particulares,"Cuadro 11. Total del pais. Poblacion en viviendas particulares nacida en otro pais, por lugar de nacimiento, segun grupo de edad. Ano 2022",c2022_tp_migraciones_c11.xlsx
África,Mauritania,1,0,0,0,0,0,1,0,0,0,0,0,0,0,0,0,0,0,0,0,0,0,Poblacion en viviendas particulares,"Cuadro 11. Total del pais. Poblacion en viviendas particulares nacida en otro pais, por lugar de nacimiento, segun grupo de edad. Ano 2022",c2022_tp_migraciones_c11.xlsx
África,Mozambique,21,0,0,0,1,5,2,0,3,6,1,0,1,1,0,1,0,0,0,0,0,0,Poblacion en viviendas particulares,"Cuadro 11. Total del pais. Poblacion en viviendas particulares nacida en otro pais, por lugar de nacimiento, segun grupo de edad. Ano 2022",c2022_tp_migraciones_c11.xlsx
África,Namibia,2,0,0,0,0,0,0,0,0,0,1,0,0,0,0,0,1,0,0,0,0,0,Poblacion en viviendas particulares,"Cuadro 11. Total del pais. Poblacion en viviendas particulares nacida en otro pais, por lugar de nacimiento, segun grupo de edad. Ano 2022",c2022_tp_migraciones_c11.xlsx
África,Níger,2,0,0,0,0,0,0,0,1,0,0,1,0,0,0,0,0,0,0,0,0,0,Poblacion en viviendas particulares,"Cuadro 11. Total del pais. Poblacion en viviendas particulares nacida en otro pais, por lugar de nacimiento, segun grupo de edad. Ano 2022",c2022_tp_migraciones_c11.xlsx
África,Nigeria,123,1,3,3,3,3,11,17,21,18,19,7,11,3,2,0,0,1,0,0,0,0,Poblacion en viviendas particulares,"Cuadro 11. Total del pais. Poblacion en viviendas particulares nacida en otro pais, por lugar de nacimiento, segun grupo de edad. Ano 2022",c2022_tp_migraciones_c11.xlsx
África,República Centroafricana,7,0,1,0,1,0,1,0,0,0,1,2,0,0,1,0,0,0,0,0,0,0,Poblacion en viviendas particulares,"Cuadro 11. Total del pais. Poblacion en viviendas particulares nacida en otro pais, por lugar de nacimiento, segun grupo de edad. Ano 2022",c2022_tp_migraciones_c11.xlsx
África,República Democrática del Congo,50,0,0,0,2,2,8,8,3,6,3,5,2,4,4,0,2,1,0,0,0,0,Poblacion en viviendas particulares,"Cuadro 11. Total del pais. Poblacion en viviendas particulares nacida en otro pais, por lugar de nacimiento, segun grupo de edad. Ano 2022",c2022_tp_migraciones_c11.xlsx
África,Rwanda,6,0,0,0,0,0,0,1,0,0,0,3,1,0,0,1,0,0,0,0,0,0,Poblacion en viviendas particulares,"Cuadro 11. Total del pais. Poblacion en viviendas particulares nacida en otro pais, por lugar de nacimiento, segun grupo de edad. Ano 2022",c2022_tp_migraciones_c11.xlsx
África,Santo Tomé y Príncipe,4,0,0,0,0,1,0,1,0,0,0,1,0,1,0,0,0,0,0,0,0,0,Poblacion en viviendas particulares,"Cuadro 11. Total del pais. Poblacion en viviendas particulares nacida en otro pais, por lugar de nacimiento, segun grupo de edad. Ano 2022",c2022_tp_migraciones_c11.xlsx
África,Senegal,1120,3,1,5,5,32,109,234,270,225,125,67,24,7,3,1,1,3,1,2,2,0,Poblacion en viviendas particulares,"Cuadro 11. Total del pais. Poblacion en viviendas particulares nacida en otro pais, por lugar de nacimiento, segun grupo de edad. Ano 2022",c2022_tp_migraciones_c11.xlsx
África,Seychelles,2,0,0,0,0,0,0,1,1,0,0,0,0,0,0,0,0,0,0,0,0,0,Poblacion en viviendas particulares,"Cuadro 11. Total del pais. Poblacion en viviendas particulares nacida en otro pais, por lugar de nacimiento, segun grupo de edad. Ano 2022",c2022_tp_migraciones_c11.xlsx
África,Sierra Leona,9,0,0,0,0,0,1,0,1,2,3,1,0,0,0,0,0,0,1,0,0,0,Poblacion en viviendas particulares,"Cuadro 11. Total del pais. Poblacion en viviendas particulares nacida en otro pais, por lugar de nacimiento, segun grupo de edad. Ano 2022",c2022_tp_migraciones_c11.xlsx
África,Somalia,8,0,0,0,0,0,0,0,0,0,0,0,0,0,1,1,3,2,0,0,1,0,Poblacion en viviendas particulares,"Cuadro 11. Total del pais. Poblacion en viviendas particulares nacida en otro pais, por lugar de nacimiento, segun grupo de edad. Ano 2022",c2022_tp_migraciones_c11.xlsx
África,Sudáfrica,322,4,15,23,9,20,27,47,37,34,34,28,14,4,12,7,2,3,2,0,0,0,Poblacion en viviendas particulares,"Cuadro 11. Total del pais. Poblacion en viviendas particulares nacida en otro pais, por lugar de nacimiento, segun grupo de edad. Ano 2022",c2022_tp_migraciones_c11.xlsx
África,Sudán,4,0,0,0,0,0,0,1,1,1,0,0,1,0,0,0,0,0,0,0,0,0,Poblacion en viviendas particulares,"Cuadro 11. Total del pais. Poblacion en viviendas particulares nacida en otro pais, por lugar de nacimiento, segun grupo de edad. Ano 2022",c2022_tp_migraciones_c11.xlsx
África,Swazilandia,5,0,0,0,1,2,1,0,0,1,0,0,0,0,0,0,0,0,0,0,0,0,Poblacion en viviendas particulares,"Cuadro 11. Total del pais. Poblacion en viviendas particulares nacida en otro pais, por lugar de nacimiento, segun grupo de edad. Ano 2022",c2022_tp_migraciones_c11.xlsx
África,Tanzanía,12,0,0,2,0,0,1,0,3,2,1,1,0,1,0,1,0,0,0,0,0,0,Poblacion en viviendas particulares,"Cuadro 11. Total del pais. Poblacion en viviendas particulares nacida en otro pais, por lugar de nacimiento, segun grupo de edad. Ano 2022",c2022_tp_migraciones_c11.xlsx
África,Togo,8,0,0,2,0,0,0,3,1,0,0,1,0,0,0,0,0,0,0,0,1,0,Poblacion en viviendas particulares,"Cuadro 11. Total del pais. Poblacion en viviendas particulares nacida en otro pais, por lugar de nacimiento, segun grupo de edad. Ano 2022",c2022_tp_migraciones_c11.xlsx
África,Túnez,56,0,0,2,1,0,1,9,5,5,5,4,2,1,2,4,6,6,2,1,0,0,Poblacion en viviendas particulares,"Cuadro 11. Total del pais. Poblacion en viviendas particulares nacida en otro pais, por lugar de nacimiento, segun grupo de edad. Ano 2022",c2022_tp_migraciones_c11.xlsx
África,Uganda,8,0,0,0,0,0,2,2,0,1,1,0,1,0,0,0,1,0,0,0,0,0,Poblacion en viviendas particulares,"Cuadro 11. Total del pais. Poblacion en viviendas particulares nacida en otro pais, por lugar de nacimiento, segun grupo de edad. Ano 2022",c2022_tp_migraciones_c11.xlsx
África,Zambia,6,1,0,0,1,0,2,1,0,0,0,0,0,0,0,0,0,0,1,0,0,0,Poblacion en viviendas particulares,"Cuadro 11. Total del pais. Poblacion en viviendas particulares nacida en otro pais, por lugar de nacimiento, segun grupo de edad. Ano 2022",c2022_tp_migraciones_c11.xlsx
África,Zimbabwe,11,0,3,0,0,0,0,0,1,3,3,1,0,0,0,0,0,0,0,0,0,0,Poblacion en viviendas particulares,"Cuadro 11. Total del pais. Poblacion en viviendas particulares nacida en otro pais, por lugar de nacimiento, segun grupo de edad. Ano 2022",c2022_tp_migraciones_c11.xlsx
África,Indeterminado (África),127,0,1,2,1,3,10,15,22,14,9,13,4,2,6,4,8,12,1,0,0,0,Poblacion en viviendas particulares,"Cuadro 11. Total del pais. Poblacion en viviendas particulares nacida en otro pais, por lugar de nacimiento, segun grupo de edad. Ano 2022",c2022_tp_migraciones_c11.xlsx
América,Antigua y Barbuda,26,2,0,0,4,0,1,2,2,2,1,5,2,0,2,0,0,2,0,1,0,0,Poblacion en viviendas particulares,"Cuadro 11. Total del pais. Poblacion en viviendas particulares nacida en otro pais, por lugar de nacimiento, segun grupo de edad. Ano 2022",c2022_tp_migraciones_c11.xlsx
América,Aruba,25,0,1,0,4,1,3,2,4,3,0,0,3,0,2,0,1,1,0,0,0,0,Poblacion en viviendas particulares,"Cuadro 11. Total del pais. Poblacion en viviendas particulares nacida en otro pais, por lugar de nacimiento, segun grupo de edad. Ano 2022",c2022_tp_migraciones_c11.xlsx
América,Bahamas,14,0,0,1,0,1,0,1,2,2,2,2,0,0,1,1,0,0,0,0,1,0,Poblacion en viviendas particulares,"Cuadro 11. Total del pais. Poblacion en viviendas particulares nacida en otro pais, por lugar de nacimiento, segun grupo de edad. Ano 2022",c2022_tp_migraciones_c11.xlsx
América,Barbados,15,0,0,0,0,1,0,2,0,0,2,1,3,1,2,2,1,0,0,0,0,0,Poblacion en viviendas particulares,"Cuadro 11. Total del pais. Poblacion en viviendas particulares nacida en otro pais, por lugar de nacimiento, segun grupo de edad. Ano 2022",c2022_tp_migraciones_c11.xlsx
América,Belice,8,0,0,0,1,1,1,0,1,0,0,0,1,1,1,0,1,0,0,0,0,0,Poblacion en viviendas particulares,"Cuadro 11. Total del pais. Poblacion en viviendas particulares nacida en otro pais, por lugar de nacimiento, segun grupo de edad. Ano 2022",c2022_tp_migraciones_c11.xlsx
América,Bolivia,338299,2626,6206,9678,15566,20388,29221,38319,39050,36955,30637,26603,21810,17203,14171,11511,9012,5277,2479,1121,407,59,Poblacion en viviendas particulares,"Cuadro 11. Total del pais. Poblacion en viviendas particulares nacida en otro pais, por lugar de nacimiento, segun grupo de edad. Ano 2022",c2022_tp_migraciones_c11.xlsx
América,Brasil,49943,889,1440,1212,2677,7686,6188,4736,3965,3616,2777,2558,2659,2384,2105,1815,1466,908,554,224,69,15,Poblacion en viviendas particulares,"Cuadro 11. Total del pais. Poblacion en viviendas particulares nacida en otro pais, por lugar de nacimiento, segun grupo de edad. Ano 2022",c2022_tp_migraciones_c11.xlsx
América,Canadá,1377,31,53,113,197,103,110,177,93,150,155,56,30,40,33,16,10,5,1,1,3,0,Poblacion en viviendas particulares,"Cuadro 11. Total del pais. Poblacion en viviendas particulares nacida en otro pais, por lugar de nacimiento, segun grupo de edad. Ano 2022",c2022_tp_migraciones_c11.xlsx
América,Chile,149082,730,1158,1260,1932,2303,2972,3736,6006,7096,11255,14927,18099,18174,19348,16187,11541,7053,3570,1366,317,52,Poblacion en viviendas particulares,"Cuadro 11. Total del pais. Poblacion en viviendas particulares nacida en otro pais, por lugar de nacimiento, segun grupo de edad. Ano 2022",c2022_tp_migraciones_c11.xlsx
América,Colombia,46482,974,1410,1799,2560,4331,6789,7894,6550,4341,2635,1952,1640,1249,902,625,355,225,150,77,24,0,Poblacion en viviendas particulares,"Cuadro 11. Total del pais. Poblacion en viviendas particulares nacida en otro pais, por lugar de nacimiento, segun grupo de edad. Ano 2022",c2022_tp_migraciones_c11.xlsx
América,Costa Rica,706,16,23,44,77,42,75,98,83,88,46,34,23,21,15,11,4,2,4,0,0,0,Poblacion en viviendas particulares,"Cuadro 11. Total del pais. Poblacion en viviendas particulares nacida en otro pais, por lugar de nacimiento, segun grupo de edad. Ano 2022",c2022_tp_migraciones_c11.xlsx
América,Cuba,3921,8,60,97,93,124,256,523,547,367,406,440,411,212,140,110,55,24,21,20,7,0,Poblacion en viviendas particulares,"Cuadro 11. Total del pais. Poblacion en viviendas particulares nacida en otro pais, por lugar de nacimiento, segun grupo de edad. Ano 2022",c2022_tp_migraciones_c11.xlsx
América,Dominica,78,0,1,3,8,6,5,4,10,12,10,10,7,2,0,0,0,0,0,0,0,0,Poblacion en viviendas particulares,"Cuadro 11. Total del pais. Poblacion en viviendas particulares nacida en otro pais, por lugar de nacimiento, segun grupo de edad. Ano 2022",c2022_tp_migraciones_c11.xlsx
América,Ecuador,8879,138,274,231,1132,1594,1106,1434,1073,649,306,269,192,175,127,66,45,36,20,5,7,0,Poblacion en viviendas particulares,"Cuadro 11. Total del pais. Poblacion en viviendas particulares nacida en otro pais, por lugar de nacimiento, segun grupo de edad. Ano 2022",c2022_tp_migraciones_c11.xlsx
América,El Salvador,830,3,14,13,50,152,157,123,86,61,38,35,31,29,21,3,6,4,1,3,0,0,Poblacion en viviendas particulares,"Cuadro 11. Total del pais. Poblacion en viviendas particulares nacida en otro pais, por lugar de nacimiento, segun grupo de edad. Ano 2022",c2022_tp_migraciones_c11.xlsx
América,Estados Unidos,13986,440,683,1281,3533,1664,684,764,705,719,725,913,760,447,262,184,108,53,31,25,5,0,Poblacion en viviendas particulares,"Cuadro 11. Total del pais. Poblacion en viviendas particulares nacida en otro pais, por lugar de nacimiento, segun grupo de edad. Ano 2022",c2022_tp_migraciones_c11.xlsx
América,Granada,4,0,0,0,0,0,2,0,0,1,0,0,0,0,0,0,0,1,0,0,0,0,Poblacion en viviendas particulares,"Cuadro 11. Total del pais. Poblacion en viviendas particulares nacida en otro pais, por lugar de nacimiento, segun grupo de edad. Ano 2022",c2022_tp_migraciones_c11.xlsx
América,Guatemala,546,7,25,27,37,48,51,71,61,61,49,34,15,24,13,13,3,2,3,1,1,0,Poblacion en viviendas particulares,"Cuadro 11. Total del pais. Poblacion en viviendas particulares nacida en otro pais, por lugar de nacimiento, segun grupo de edad. Ano 2022",c2022_tp_migraciones_c11.xlsx
América,Guyana,20,1,0,1,0,1,6,1,1,1,1,2,2,0,1,2,0,0,0,0,0,0,Poblacion en viviendas particulares,"Cuadro 11. Total del pais. Poblacion en viviendas particulares nacida en otro pais, por lugar de nacimiento, segun grupo de edad. Ano 2022",c2022_tp_migraciones_c11.xlsx
América,Haití,1524,6,39,106,38,153,401,348,223,94,46,21,12,6,8,8,4,7,1,1,2,0,Poblacion en viviendas particulares,"Cuadro 11. Total del pais. Poblacion en viviendas particulares nacida en otro pais, por lugar de nacimiento, segun grupo de edad. Ano 2022",c2022_tp_migraciones_c11.xlsx
América,Honduras,525,2,13,13,32,94,97,66,52,54,32,25,16,13,6,5,4,0,1,0,0,0,Poblacion en viviendas particulares,"Cuadro 11. Total del pais. Poblacion en viviendas particulares nacida en otro pais, por lugar de nacimiento, segun grupo de edad. Ano 2022",c2022_tp_migraciones_c11.xlsx
América,Jamaica,34,0,0,1,0,1,7,8,5,2,2,5,1,1,0,0,0,0,0,1,0,0,Poblacion en viviendas particulares,"Cuadro 11. Total del pais. Poblacion en viviendas particulares nacida en otro pais, por lugar de nacimiento, segun grupo de edad. Ano 2022",c2022_tp_migraciones_c11.xlsx
América,México,5833,158,352,509,552,370,373,523,697,756,533,363,234,141,120,58,50,18,9,11,5,1,Poblacion en viviendas particulares,"Cuadro 11. Total del pais. Poblacion en viviendas particulares nacida en otro pais, por lugar de nacimiento, segun grupo de edad. Ano 2022",c2022_tp_migraciones_c11.xlsx
América,Nicaragua,371,4,7,7,13,30,34,39,56,44,43,25,14,12,19,18,2,0,2,2,0,0,Poblacion en viviendas particulares,"Cuadro 11. Total del pais. Poblacion en viviendas particulares nacida en otro pais, por lugar de nacimiento, segun grupo de edad. Ano 2022",c2022_tp_migraciones_c11.xlsx
América,Panamá,572,22,81,34,30,43,44,63,50,52,26,36,26,15,16,13,12,7,2,0,0,0,Poblacion en viviendas particulares,"Cuadro 11. Total del pais. Poblacion en viviendas particulares nacida en otro pais, por lugar de nacimiento, segun grupo de edad. Ano 2022",c2022_tp_migraciones_c11.xlsx
América,Paraguay,522598,2089,4827,10519,24067,32076,45760,61908,67458,51776,40582,38273,34075,27037,24668,21849,17315,10472,4836,2202,710,99,Poblacion en viviendas particulares,"Cuadro 11. Total del pais. Poblacion en viviendas particulares nacida en otro pais, por lugar de nacimiento, segun grupo de edad. Ano 2022",c2022_tp_migraciones_c11.xlsx
América,Perú,156251,849,1917,3756,7281,9077,13795,17144,17371,16478,17823,17133,12732,8287,5884,3006,1744,1007,563,298,95,11,Poblacion en viviendas particulares,"Cuadro 11. Total del pais. Poblacion en viviendas particulares nacida en otro pais, por lugar de nacimiento, segun grupo de edad. Ano 2022",c2022_tp_migraciones_c11.xlsx
América,Puerto Rico,219,1,5,7,22,20,19,14,30,15,23,19,18,9,8,7,0,1,0,1,0,0,Poblacion en viviendas particulares,"Cuadro 11. Total del pais. Poblacion en viviendas particulares nacida en otro pais, por lugar de nacimiento, segun grupo de edad. Ano 2022",c2022_tp_migraciones_c11.xlsx
América,República Dominicana,7817,42,135,334,686,821,799,963,958,968,867,574,333,168,72,40,24,12,9,7,5,0,Poblacion en viviendas particulares,"Cuadro 11. Total del pais. Poblacion en viviendas particulares nacida en otro pais, por lugar de nacimiento, segun grupo de edad. Ano 2022",c2022_tp_migraciones_c11.xlsx
América,San Cristóbal y Nevis,1,0,0,0,0,0,0,0,0,0,0,1,0,0,0,0,0,0,0,0,0,0,Poblacion en viviendas particulares,"Cuadro 11. Total del pais. Poblacion en viviendas particulares nacida en otro pais, por lugar de nacimiento, segun grupo de edad. Ano 2022",c2022_tp_migraciones_c11.xlsx
América,San Vicente y Las Granadinas,1,0,0,0,0,0,0,0,1,0,0,0,0,0,0,0,0,0,0,0,0,0,Poblacion en viviendas particulares,"Cuadro 11. Total del pais. Poblacion en viviendas particulares nacida en otro pais, por lugar de nacimiento, segun grupo de edad. Ano 2022",c2022_tp_migraciones_c11.xlsx
América,Santa Lucía,10,1,1,0,0,0,1,2,1,1,2,0,0,0,0,0,1,0,0,0,0,0,Poblacion en viviendas particulares,"Cuadro 11. Total del pais. Poblacion en viviendas particulares nacida en otro pais, por lugar de nacimiento, segun grupo de edad. Ano 2022",c2022_tp_migraciones_c11.xlsx
América,Suriname,7,0,1,0,2,0,1,1,0,0,0,0,0,1,0,0,0,0,0,1,0,0,Poblacion en viviendas particulares,"Cuadro 11. Total del pais. Poblacion en viviendas particulares nacida en otro pais, por lugar de nacimiento, segun grupo de edad. Ano 2022",c2022_tp_migraciones_c11.xlsx
América,Trinidad y Tobago,21,0,1,2,2,0,2,1,2,3,1,1,2,1,2,1,0,0,0,0,0,0,Poblacion en viviendas particulares,"Cuadro 11. Total del pais. Poblacion en viviendas particulares nacida en otro pais, por lugar de nacimiento, segun grupo de edad. Ano 2022",c2022_tp_migraciones_c11.xlsx
América,Uruguay,95384,696,906,944,1356,1905,2261,3139,5045,7230,9103,10612,11070,10609,10646,8580,5815,3217,1468,605,153,24,Poblacion en viviendas particulares,"Cuadro 11. Total del pais. Poblacion en viviendas particulares nacida en otro pais, por lugar de nacimiento, segun grupo de edad. Ano 2022",c2022_tp_migraciones_c11.xlsx
América,Venezuela,161495,1990,10108,8999,7133,13083,25232,29388,20947,13380,8275,6512,5672,4517,3097,1705,781,362,176,78,56,4,Poblacion en viviendas particulares,"Cuadro 11. Total del pais. Poblacion en viviendas particulares nacida en otro pais, por lugar de nacimiento, segun grupo de edad. Ano 2022",c2022_tp_migraciones_c11.xlsx
América,Antillas Holandesas,35,0,2,6,2,0,3,3,2,2,1,0,1,1,3,0,3,2,2,2,0,0,Poblacion en viviendas particulares,"Cuadro 11. Total del pais. Poblacion en viviendas particulares nacida en otro pais, por lugar de nacimiento, segun grupo de edad. Ano 2022",c2022_tp_migraciones_c11.xlsx
América,Indeterminado (América),171,2,4,10,10,17,12,15,11,11,15,10,10,7,10,13,7,6,0,1,0,0,Poblacion en viviendas particulares,"Cuadro 11. Total del pais. Poblacion en viviendas particulares nacida en otro pais, por lugar de nacimiento, segun grupo de edad. Ano 2022",c2022_tp_migraciones_c11.xlsx
Asia,Afganistán,229,9,8,20,18,18,16,13,15,19,19,18,13,7,10,4,6,2,3,3,8,0,Poblacion en viviendas particulares,"Cuadro 11. Total del pais. Poblacion en viviendas particulares nacida en otro pais, por lugar de nacimiento, segun grupo de edad. Ano 2022",c2022_tp_migraciones_c11.xlsx
Asia,Arabia Saudita,106,2,3,12,8,3,7,12,8,4,5,5,6,8,4,4,7,2,2,3,1,0,Poblacion en viviendas particulares,"Cuadro 11. Total del pais. Poblacion en viviendas particulares nacida en otro pais, por lugar de nacimiento, segun grupo de edad. Ano 2022",c2022_tp_migraciones_c11.xlsx
Asia,Armenia,862,6,10,24,25,26,57,99,114,81,77,59,56,77,59,38,18,20,8,6,2,0,Poblacion en viviendas particulares,"Cuadro 11. Total del pais. Poblacion en viviendas particulares nacida en otro pais, por lugar de nacimiento, segun grupo de edad. Ano 2022",c2022_tp_migraciones_c11.xlsx
Asia,Azerbaiyán,20,0,0,1,1,2,0,1,3,0,1,1,4,5,0,0,0,0,1,0,0,0,Poblacion en viviendas particulares,"Cuadro 11. Total del pais. Poblacion en viviendas particulares nacida en otro pais, por lugar de nacimiento, segun grupo de edad. Ano 2022",c2022_tp_migraciones_c11.xlsx
Asia,Bahrein,10,0,1,1,0,1,2,1,1,0,0,1,0,0,0,1,0,1,0,0,0,0,Poblacion en viviendas particulares,"Cuadro 11. Total del pais. Poblacion en viviendas particulares nacida en otro pais, por lugar de nacimiento, segun grupo de edad. Ano 2022",c2022_tp_migraciones_c11.xlsx
Asia,Bangladesh,114,3,2,4,4,9,12,16,22,19,7,6,5,1,1,2,0,1,0,0,0,0,Poblacion en viviendas particulares,"Cuadro 11. Total del pais. Poblacion en viviendas particulares nacida en otro pais, por lugar de nacimiento, segun grupo de edad. Ano 2022",c2022_tp_migraciones_c11.xlsx
Asia,Bhután,4,0,0,0,0,0,1,0,0,1,0,1,0,0,0,0,0,0,0,0,1,0,Poblacion en viviendas particulares,"Cuadro 11. Total del pais. Poblacion en viviendas particulares nacida en otro pais, por lugar de nacimiento, segun grupo de edad. Ano 2022",c2022_tp_migraciones_c11.xlsx
Asia,Brunei,7,1,0,0,1,1,0,1,2,0,0,1,0,0,0,0,0,0,0,0,0,0,Poblacion en viviendas particulares,"Cuadro 11. Total del pais. Poblacion en viviendas particulares nacida en otro pais, por lugar de nacimiento, segun grupo de edad. Ano 2022",c2022_tp_migraciones_c11.xlsx
Asia,Camboya,52,0,1,0,1,0,1,1,0,8,12,4,7,2,5,6,2,1,0,0,1,0,Poblacion en viviendas particulares,"Cuadro 11. Total del pais. Poblacion en viviendas particulares nacida en otro pais, por lugar de nacimiento, segun grupo de edad. Ano 2022",c2022_tp_migraciones_c11.xlsx
Asia,China,18629,80,117,135,414,737,1737,3513,3498,2270,2083,1624,1125,569,376,180,88,43,21,12,7,0,Poblacion en viviendas particulares,"Cuadro 11. Total del pais. Poblacion en viviendas particulares nacida en otro pais, por lugar de nacimiento, segun grupo de edad. Ano 2022",c2022_tp_migraciones_c11.xlsx
Asia,Corea,5337,5,19,37,59,61,104,141,294,467,627,739,576,654,515,379,316,218,88,30,8,0,Poblacion en viviendas particulares,"Cuadro 11. Total del pais. Poblacion en viviendas particulares nacida en otro pais, por lugar de nacimiento, segun grupo de edad. Ano 2022",c2022_tp_migraciones_c11.xlsx
Asia,Corea Democrática y Popular,386,0,0,1,2,2,5,6,26,51,51,51,26,43,47,31,28,10,5,1,0,0,Poblacion en viviendas particulares,"Cuadro 11. Total del pais. Poblacion en viviendas particulares nacida en otro pais, por lugar de nacimiento, segun grupo de edad. Ano 2022",c2022_tp_migraciones_c11.xlsx
Asia,Emiratos Árabes Unidos,64,8,17,21,5,3,4,2,2,1,0,1,0,0,0,0,0,0,0,0,0,0,Poblacion en viviendas particulares,"Cuadro 11. Total del pais. Poblacion en viviendas particulares nacida en otro pais, por lugar de nacimiento, segun grupo de edad. Ano 2022",c2022_tp_migraciones_c11.xlsx
Asia,Filipinas,137,0,5,2,5,4,5,9,10,18,11,13,9,15,9,7,4,6,2,2,1,0,Poblacion en viviendas particulares,"Cuadro 11. Total del pais. Poblacion en viviendas particulares nacida en otro pais, por lugar de nacimiento, segun grupo de edad. Ano 2022",c2022_tp_migraciones_c11.xlsx
Asia,Georgia,61,3,0,0,1,0,4,10,8,3,0,4,8,7,7,2,1,1,1,0,1,0,Poblacion en viviendas particulares,"Cuadro 11. Total del pais. Poblacion en viviendas particulares nacida en otro pais, por lugar de nacimiento, segun grupo de edad. Ano 2022",c2022_tp_migraciones_c11.xlsx
Asia,Hong Kong (región administrativa especial de China),76,3,6,8,3,2,2,8,15,6,6,4,7,1,3,1,0,0,1,0,0,0,Poblacion en viviendas particulares,"Cuadro 11. Total del pais. Poblacion en viviendas particulares nacida en otro pais, por lugar de nacimiento, segun grupo de edad. Ano 2022",c2022_tp_migraciones_c11.xlsx
Asia,India,566,2,22,11,14,23,46,96,94,62,61,38,27,20,21,14,6,8,1,0,0,0,Poblacion en viviendas particulares,"Cuadro 11. Total del pais. Poblacion en viviendas particulares nacida en otro pais, por lugar de nacimiento, segun grupo de edad. Ano 2022",c2022_tp_migraciones_c11.xlsx
Asia,Indonesia,58,3,1,6,2,0,0,3,9,5,8,5,2,4,2,4,0,4,0,0,0,0,Poblacion en viviendas particulares,"Cuadro 11. Total del pais. Poblacion en viviendas particulares nacida en otro pais, por lugar de nacimiento, segun grupo de edad. Ano 2022",c2022_tp_migraciones_c11.xlsx
Asia,Irán,202,1,2,0,0,1,4,6,17,11,20,20,25,21,25,23,18,4,4,0,0,0,Poblacion en viviendas particulares,"Cuadro 11. Total del pais. Poblacion en viviendas particulares nacida en otro pais, por lugar de nacimiento, segun grupo de edad. Ano 2022",c2022_tp_migraciones_c11.xlsx
Asia,Iraq,42,0,0,0,0,1,0,5,3,5,2,6,2,7,2,0,7,1,1,0,0,0,Poblacion en viviendas particulares,"Cuadro 11. Total del pais. Poblacion en viviendas particulares nacida en otro pais, por lugar de nacimiento, segun grupo de edad. Ano 2022",c2022_tp_migraciones_c11.xlsx
Asia,Israel,1394,23,98,120,181,90,85,100,119,182,91,78,100,32,31,23,24,5,5,6,0,1,Poblacion en viviendas particulares,"Cuadro 11. Total del pais. Poblacion en viviendas particulares nacida en otro pais, por lugar de nacimiento, segun grupo de edad. Ano 2022",c2022_tp_migraciones_c11.xlsx
Asia,Japón,2703,20,42,68,110,97,131,94,52,59,59,47,47,107,277,553,294,273,200,140,30,3,Poblacion en viviendas particulares,"Cuadro 11. Total del pais. Poblacion en viviendas particulares nacida en otro pais, por lugar de nacimiento, segun grupo de edad. Ano 2022",c2022_tp_migraciones_c11.xlsx
Asia,Jordania,30,1,0,0,0,3,3,1,5,1,1,2,2,1,2,2,4,2,0,0,0,0,Poblacion en viviendas particulares,"Cuadro 11. Total del pais. Poblacion en viviendas particulares nacida en otro pais, por lugar de nacimiento, segun grupo de edad. Ano 2022",c2022_tp_migraciones_c11.xlsx
Asia,Kazajstán,221,1,0,1,1,8,20,26,18,22,21,24,24,33,5,10,2,2,2,1,0,0,Poblacion en viviendas particulares,"Cuadro 11. Total del pais. Poblacion en viviendas particulares nacida en otro pais, por lugar de nacimiento, segun grupo de edad. Ano 2022",c2022_tp_migraciones_c11.xlsx
Asia,Kirguistán,57,0,0,0,0,2,9,7,4,5,7,7,3,6,2,2,2,1,0,0,0,0,Poblacion en viviendas particulares,"Cuadro 11. Total del pais. Poblacion en viviendas particulares nacida en otro pais, por lugar de nacimiento, segun grupo de edad. Ano 2022",c2022_tp_migraciones_c11.xlsx
Asia,Kuwait,14,0,3,1,0,0,0,1,2,1,1,1,2,2,0,0,0,0,0,0,0,0,Poblacion en viviendas particulares,"Cuadro 11. Total del pais. Poblacion en viviendas particulares nacida en otro pais, por lugar de nacimiento, segun grupo de edad. Ano 2022",c2022_tp_migraciones_c11.xlsx
Asia,Laos,442,0,0,0,1,2,1,1,2,68,119,51,20,32,63,60,20,2,0,0,0,0,Poblacion en viviendas particulares,"Cuadro 11. Total del pais. Poblacion en viviendas particulares nacida en otro pais, por lugar de nacimiento, segun grupo de edad. Ano 2022",c2022_tp_migraciones_c11.xlsx
Asia,Líbano,566,4,6,5,4,7,9,8,12,25,31,34,45,39,36,86,77,55,45,23,14,1,Poblacion en viviendas particulares,"Cuadro 11. Total del pais. Poblacion en viviendas particulares nacida en otro pais, por lugar de nacimiento, segun grupo de edad. Ano 2022",c2022_tp_migraciones_c11.xlsx
Asia,Macao (región administrativa especial de China),21,0,0,0,0,0,1,8,6,0,1,1,0,0,2,0,2,0,0,0,0,0,Poblacion en viviendas particulares,"Cuadro 11. Total del pais. Poblacion en viviendas particulares nacida en otro pais, por lugar de nacimiento, segun grupo de edad. Ano 2022",c2022_tp_migraciones_c11.xlsx
Asia,Malasia,50,2,6,3,4,3,6,2,12,1,2,1,3,2,2,1,0,0,0,0,0,0,Poblacion en viviendas particulares,"Cuadro 11. Total del pais. Poblacion en viviendas particulares nacida en otro pais, por lugar de nacimiento, segun grupo de edad. Ano 2022",c2022_tp_migraciones_c11.xlsx
Asia,Maldivas,2,0,0,0,0,1,0,0,0,1,0,0,0,0,0,0,0,0,0,0,0,0,Poblacion en viviendas particulares,"Cuadro 11. Total del pais. Poblacion en viviendas particulares nacida en otro pais, por lugar de nacimiento, segun grupo de edad. Ano 2022",c2022_tp_migraciones_c11.xlsx
Asia,Mongolia,5,0,0,0,0,1,0,1,0,0,1,0,0,1,0,0,1,0,0,0,0,0,Poblacion en viviendas particulares,"Cuadro 11. Total del pais. Poblacion en viviendas particulares nacida en otro pais, por lugar de nacimiento, segun grupo de edad. Ano 2022",c2022_tp_migraciones_c11.xlsx
Asia,Myanmar,5,0,0,0,0,0,0,0,1,0,0,2,0,0,0,0,0,1,0,1,0,0,Poblacion en viviendas particulares,"Cuadro 11. Total del pais. Poblacion en viviendas particulares nacida en otro pais, por lugar de nacimiento, segun grupo de edad. Ano 2022",c2022_tp_migraciones_c11.xlsx
Asia,Nepal,9,0,0,0,0,0,1,3,0,2,1,1,1,0,0,0,0,0,0,0,0,0,Poblacion en viviendas particulares,"Cuadro 11. Total del pais. Poblacion en viviendas particulares nacida en otro pais, por lugar de nacimiento, segun grupo de edad. Ano 2022",c2022_tp_migraciones_c11.xlsx
Asia,Omán,1,0,0,0,0,0,0,0,1,0,0,0,0,0,0,0,0,0,0,0,0,0,Poblacion en viviendas particulares,"Cuadro 11. Total del pais. Poblacion en viviendas particulares nacida en otro pais, por lugar de nacimiento, segun grupo de edad. Ano 2022",c2022_tp_migraciones_c11.xlsx
Asia,Pakistán,69,1,1,4,6,6,3,7,6,10,10,6,5,2,1,1,0,0,0,0,0,0,Poblacion en viviendas particulares,"Cuadro 11. Total del pais. Poblacion en viviendas particulares nacida en otro pais, por lugar de nacimiento, segun grupo de edad. Ano 2022",c2022_tp_migraciones_c11.xlsx
Asia,Palestina,47,0,0,0,0,0,2,4,5,1,3,0,1,1,1,2,16,4,1,4,2,0,Poblacion en viviendas particulares,"Cuadro 11. Total del pais. Poblacion en viviendas particulares nacida en otro pais, por lugar de nacimiento, segun grupo de edad. Ano 2022",c2022_tp_migraciones_c11.xlsx
Asia,Qatar,15,0,7,2,1,0,1,1,1,1,0,0,1,0,0,0,0,0,0,0,0,0,Poblacion en viviendas particulares,"Cuadro 11. Total del pais. Poblacion en viviendas particulares nacida en otro pais, por lugar de nacimiento, segun grupo de edad. Ano 2022",c2022_tp_migraciones_c11.xlsx
Asia,Singapur,52,5,6,6,10,3,1,4,4,1,1,3,3,2,2,1,0,0,0,0,0,0,Poblacion en viviendas particulares,"Cuadro 11. Total del pais. Poblacion en viviendas particulares nacida en otro pais, por lugar de nacimiento, segun grupo de edad. Ano 2022",c2022_tp_migraciones_c11.xlsx
Asia,Siria,1324,2,18,38,34,53,77,100,81,77,82,90,109,99,102,96,97,57,63,38,8,3,Poblacion en viviendas particulares,"Cuadro 11. Total del pais. Poblacion en viviendas particulares nacida en otro pais, por lugar de nacimiento, segun grupo de edad. Ano 2022",c2022_tp_migraciones_c11.xlsx
Asia,Sri Lanka,12,0,0,0,1,0,0,0,1,1,3,2,1,0,0,3,0,0,0,0,0,0,Poblacion en viviendas particulares,"Cuadro 11. Total del pais. Poblacion en viviendas particulares nacida en otro pais, por lugar de nacimiento, segun grupo de edad. Ano 2022",c2022_tp_migraciones_c11.xlsx
Asia,Tailandia,132,2,6,12,6,2,2,4,8,34,25,9,1,4,6,8,2,0,1,0,0,0,Poblacion en viviendas particulares,"Cuadro 11. Total del pais. Poblacion en viviendas particulares nacida en otro pais, por lugar de nacimiento, segun grupo de edad. Ano 2022",c2022_tp_migraciones_c11.xlsx
Asia,Taiwan,3018,4,11,11,24,15,119,229,274,325,338,362,333,335,249,213,96,53,21,4,2,0,Poblacion en viviendas particulares,"Cuadro 11. Total del pais. Poblacion en viviendas particulares nacida en otro pais, por lugar de nacimiento, segun grupo de edad. Ano 2022",c2022_tp_migraciones_c11.xlsx
Asia,Tayikistán,6,0,0,0,0,0,0,1,1,1,0,1,1,0,0,0,1,0,0,0,0,0,Poblacion en viviendas particulares,"Cuadro 11. Total del pais. Poblacion en viviendas particulares nacida en otro pais, por lugar de nacimiento, segun grupo de edad. Ano 2022",c2022_tp_migraciones_c11.xlsx
Asia,Timor Leste,1,0,0,0,0,0,0,0,0,0,0,0,0,0,0,0,1,0,0,0,0,0,Poblacion en viviendas particulares,"Cuadro 11. Total del pais. Poblacion en viviendas particulares nacida en otro pais, por lugar de nacimiento, segun grupo de edad. Ano 2022",c2022_tp_migraciones_c11.xlsx
Asia,Turkmenistán,23,0,0,0,0,2,2,4,2,2,2,4,1,2,1,1,0,0,0,0,0,0,Poblacion en viviendas particulares,"Cuadro 11. Total del pais. Poblacion en viviendas particulares nacida en otro pais, por lugar de nacimiento, segun grupo de edad. Ano 2022",c2022_tp_migraciones_c11.xlsx
Asia,Uzbekistán,42,1,0,0,0,0,3,7,8,0,6,5,2,2,4,0,4,0,0,0,0,0,Poblacion en viviendas particulares,"Cuadro 11. Total del pais. Poblacion en viviendas particulares nacida en otro pais, por lugar de nacimiento, segun grupo de edad. Ano 2022",c2022_tp_migraciones_c11.xlsx
Asia,Viet Nam,89,2,4,3,1,0,11,11,11,10,12,4,5,2,4,2,3,2,2,0,0,0,Poblacion en viviendas particulares,"Cuadro 11. Total del pais. Poblacion en viviendas particulares nacida en otro pais, por lugar de nacimiento, segun grupo de edad. Ano 2022",c2022_tp_migraciones_c11.xlsx
Asia,Yemen,7,0,0,0,0,0,2,1,1,2,0,0,0,0,0,1,0,0,0,0,0,0,Poblacion en viviendas particulares,"Cuadro 11. Total del pais. Poblacion en viviendas particulares nacida en otro pais, por lugar de nacimiento, segun grupo de edad. Ano 2022",c2022_tp_migraciones_c11.xlsx
Asia,Indeterminado ( Asia ),23,0,0,0,0,1,2,2,4,3,2,0,2,3,1,2,1,0,0,0,0,0,Poblacion en viviendas particulares,"Cuadro 11. Total del pais. Poblacion en viviendas particulares nacida en otro pais, por lugar de nacimiento, segun grupo de edad. Ano 2022",c2022_tp_migraciones_c11.xlsx
Europa,Albania,164,11,7,2,9,9,10,18,15,18,10,9,8,5,7,7,11,2,1,3,2,0,Poblacion en viviendas particulares,"Cuadro 11. Total del pais. Poblacion en viviendas particulares nacida en otro pais, por lugar de nacimiento, segun grupo de edad. Ano 2022",c2022_tp_migraciones_c11.xlsx
Europa,Alemania,4087,42,88,129,171,134,196,240,243,277,216,218,247,154,142,291,475,349,255,148,64,8,Poblacion en viviendas particulares,"Cuadro 11. Total del pais. Poblacion en viviendas particulares nacida en otro pais, por lugar de nacimiento, segun grupo de edad. Ano 2022",c2022_tp_migraciones_c11.xlsx
Europa,Andorra,129,4,12,32,29,5,5,6,2,4,9,2,4,3,4,3,0,4,0,0,1,0,Poblacion en viviendas particulares,"Cuadro 11. Total del pais. Poblacion en viviendas particulares nacida en otro pais, por lugar de nacimiento, segun grupo de edad. Ano 2022",c2022_tp_migraciones_c11.xlsx
Europa,Austria,679,1,8,6,12,4,18,12,23,16,8,7,15,10,9,157,243,59,39,18,12,2,Poblacion en viviendas particulares,"Cuadro 11. Total del pais. Poblacion en viviendas particulares nacida en otro pais, por lugar de nacimiento, segun grupo de edad. Ano 2022",c2022_tp_migraciones_c11.xlsx
Europa,Belarús,106,1,0,1,1,5,3,8,7,8,4,8,15,11,1,5,2,5,14,4,2,1,Poblacion en viviendas particulares,"Cuadro 11. Total del pais. Poblacion en viviendas particulares nacida en otro pais, por lugar de nacimiento, segun grupo de edad. Ano 2022",c2022_tp_migraciones_c11.xlsx
Europa,Bélgica,703,5,12,21,13,14,21,42,36,58,35,51,45,29,23,74,85,71,39,24,3,2,Poblacion en viviendas particulares,"Cuadro 11. Total del pais. Poblacion en viviendas particulares nacida en otro pais, por lugar de nacimiento, segun grupo de edad. Ano 2022",c2022_tp_migraciones_c11.xlsx
Europa,Bosnia y Herzegovina,28,0,0,0,0,0,1,1,2,1,5,1,1,1,1,1,5,1,6,1,0,0,Poblacion en viviendas particulares,"Cuadro 11. Total del pais. Poblacion en viviendas particulares nacida en otro pais, por lugar de nacimiento, segun grupo de edad. Ano 2022",c2022_tp_migraciones_c11.xlsx
Europa,Bulgaria,126,0,2,0,0,0,6,7,9,10,7,12,8,6,1,7,12,12,13,9,4,1,Poblacion en viviendas particulares,"Cuadro 11. Total del pais. Poblacion en viviendas particulares nacida en otro pais, por lugar de nacimiento, segun grupo de edad. Ano 2022",c2022_tp_migraciones_c11.xlsx
Europa,Chipre,33,4,5,8,1,1,1,5,2,0,1,0,1,0,1,1,2,0,0,0,0,0,Poblacion en viviendas particulares,"Cuadro 11. Total del pais. Poblacion en viviendas particulares nacida en otro pais, por lugar de nacimiento, segun grupo de edad. Ano 2022",c2022_tp_migraciones_c11.xlsx
Europa,Croacia,674,0,1,1,2,1,6,3,7,4,6,9,7,22,58,79,146,134,98,65,22,3,Poblacion en viviendas particulares,"Cuadro 11. Total del pais. Poblacion en viviendas particulares nacida en otro pais, por lugar de nacimiento, segun grupo de edad. Ano 2022",c2022_tp_migraciones_c11.xlsx
Europa,Dinamarca,191,2,7,7,2,5,4,7,16,15,12,19,9,3,10,27,30,7,7,1,1,0,Poblacion en viviendas particulares,"Cuadro 11. Total del pais. Poblacion en viviendas particulares nacida en otro pais, por lugar de nacimiento, segun grupo de edad. Ano 2022",c2022_tp_migraciones_c11.xlsx
Europa,Eslovaquia,100,1,0,1,0,1,1,3,9,3,4,2,3,1,2,6,20,15,12,8,8,0,Poblacion en viviendas particulares,"Cuadro 11. Total del pais. Poblacion en viviendas particulares nacida en otro pais, por lugar de nacimiento, segun grupo de edad. Ano 2022",c2022_tp_migraciones_c11.xlsx
Europa,Eslovenia,508,1,0,4,3,1,3,3,3,2,4,0,2,1,12,33,114,157,88,53,22,2,Poblacion en viviendas particulares,"Cuadro 11. Total del pais. Poblacion en viviendas particulares nacida en otro pais, por lugar de nacimiento, segun grupo de edad. Ano 2022",c2022_tp_migraciones_c11.xlsx
Europa,España,48492,240,665,3387,3710,694,670,729,689,966,818,616,670,1067,2409,7189,9122,5626,5146,3066,909,104,Poblacion en viviendas particulares,"Cuadro 11. Total del pais. Poblacion en viviendas particulares nacida en otro pais, por lugar de nacimiento, segun grupo de edad. Ano 2022",c2022_tp_migraciones_c11.xlsx
Europa,Estonia,37,1,0,1,2,0,0,4,0,4,1,1,1,1,1,0,7,7,4,1,1,0,Poblacion en viviendas particulares,"Cuadro 11. Total del pais. Poblacion en viviendas particulares nacida en otro pais, por lugar de nacimiento, segun grupo de edad. Ano 2022",c2022_tp_migraciones_c11.xlsx
Europa,Ex Checoslovaquia,18,0,0,0,0,1,0,0,0,0,0,1,1,0,0,4,3,4,0,1,2,1,Poblacion en viviendas particulares,"Cuadro 11. Total del pais. Poblacion en viviendas particulares nacida en otro pais, por lugar de nacimiento, segun grupo de edad. Ano 2022",c2022_tp_migraciones_c11.xlsx
Europa,Ex Yugoslavia,71,0,0,0,0,0,0,0,0,0,0,4,2,2,3,15,11,15,10,8,1,0,Poblacion en viviendas particulares,"Cuadro 11. Total del pais. Poblacion en viviendas particulares nacida en otro pais, por lugar de nacimiento, segun grupo de edad. Ano 2022",c2022_tp_migraciones_c11.xlsx
Europa,Finlandia,70,1,1,2,6,4,5,4,6,5,9,2,4,2,5,2,4,5,1,2,0,0,Poblacion en viviendas particulares,"Cuadro 11. Total del pais. Poblacion en viviendas particulares nacida en otro pais, por lugar de nacimiento, segun grupo de edad. Ano 2022",c2022_tp_migraciones_c11.xlsx
Europa,Francia,3960,42,110,175,198,174,181,316,356,322,263,233,228,151,136,312,292,245,125,64,32,5,Poblacion en viviendas particulares,"Cuadro 11. Total del pais. Poblacion en viviendas particulares nacida en otro pais, por lugar de nacimiento, segun grupo de edad. Ano 2022",c2022_tp_migraciones_c11.xlsx
Europa,Grecia,694,2,6,18,7,3,7,8,17,23,19,10,10,11,29,82,135,108,122,66,11,0,Poblacion en viviendas particulares,"Cuadro 11. Total del pais. Poblacion en viviendas particulares nacida en otro pais, por lugar de nacimiento, segun grupo de edad. Ano 2022",c2022_tp_migraciones_c11.xlsx
Europa,Hungría,415,1,1,3,1,1,4,12,13,10,15,5,6,8,33,36,106,84,49,17,9,1,Poblacion en viviendas particulares,"Cuadro 11. Total del pais. Poblacion en viviendas particulares nacida en otro pais, por lugar de nacimiento, segun grupo de edad. Ano 2022",c2022_tp_migraciones_c11.xlsx
Europa,Irlanda,155,5,8,22,17,3,5,7,14,19,11,7,5,10,4,7,7,2,1,0,1,0,Poblacion en viviendas particulares,"Cuadro 11. Total del pais. Poblacion en viviendas particulares nacida en otro pais, por lugar de nacimiento, segun grupo de edad. Ano 2022",c2022_tp_migraciones_c11.xlsx
Europa,Islandia,11,3,0,0,2,0,0,0,1,0,2,2,0,0,0,1,0,0,0,0,0,0,Poblacion en viviendas particulares,"Cuadro 11. Total del pais. Poblacion en viviendas particulares nacida en otro pais, por lugar de nacimiento, segun grupo de edad. Ano 2022",c2022_tp_migraciones_c11.xlsx
Europa,Italia,68169,65,192,658,955,392,634,634,400,347,348,428,561,908,2736,15743,17646,12788,7635,3746,1184,169,Poblacion en viviendas particulares,"Cuadro 11. Total del pais. Poblacion en viviendas particulares nacida en otro pais, por lugar de nacimiento, segun grupo de edad. Ano 2022",c2022_tp_migraciones_c11.xlsx
Europa,Letonia,57,0,0,0,0,0,4,5,3,5,3,4,0,4,1,0,9,9,8,1,1,0,Poblacion en viviendas particulares,"Cuadro 11. Total del pais. Poblacion en viviendas particulares nacida en otro pais, por lugar de nacimiento, segun grupo de edad. Ano 2022",c2022_tp_migraciones_c11.xlsx
Europa,Liechtenstein,3,0,0,0,0,0,0,0,0,0,0,0,0,0,0,1,2,0,0,0,0,0,Poblacion en viviendas particulares,"Cuadro 11. Total del pais. Poblacion en viviendas particulares nacida en otro pais, por lugar de nacimiento, segun grupo de edad. Ano 2022",c2022_tp_migraciones_c11.xlsx
Europa,Lituania,79,0,0,1,4,1,1,7,5,4,7,3,1,5,2,4,2,6,5,10,10,1,Poblacion en viviendas particulares,"Cuadro 11. Total del pais. Poblacion en viviendas particulares nacida en otro pais, por lugar de nacimiento, segun grupo de edad. Ano 2022",c2022_tp_migraciones_c11.xlsx
Europa,Luxemburgo,14,0,0,5,0,0,1,2,1,0,1,0,0,0,0,0,1,0,1,1,1,0,Poblacion en viviendas particulares,"Cuadro 11. Total del pais. Poblacion en viviendas particulares nacida en otro pais, por lugar de nacimiento, segun grupo de edad. Ano 2022",c2022_tp_migraciones_c11.xlsx
Europa,Macedonia,39,0,1,1,0,1,2,1,1,1,2,2,1,3,3,5,5,2,5,3,0,0,Poblacion en viviendas particulares,"Cuadro 11. Total del pais. Poblacion en viviendas particulares nacida en otro pais, por lugar de nacimiento, segun grupo de edad. Ano 2022",c2022_tp_migraciones_c11.xlsx
Europa,Malta,11,1,0,1,2,0,1,0,2,1,2,0,0,0,0,0,0,0,0,0,1,0,Poblacion en viviendas particulares,"Cuadro 11. Total del pais. Poblacion en viviendas particulares nacida en otro pais, por lugar de nacimiento, segun grupo de edad. Ano 2022",c2022_tp_migraciones_c11.xlsx
Europa,Moldova,50,0,1,0,1,0,4,9,7,5,2,4,3,5,6,3,0,0,0,0,0,0,Poblacion en viviendas particulares,"Cuadro 11. Total del pais. Poblacion en viviendas particulares nacida en otro pais, por lugar de nacimiento, segun grupo de edad. Ano 2022",c2022_tp_migraciones_c11.xlsx
Europa,Mónaco,12,0,0,5,2,0,1,0,1,1,0,0,0,1,0,0,0,0,0,1,0,0,Poblacion en viviendas particulares,"Cuadro 11. Total del pais. Poblacion en viviendas particulares nacida en otro pais, por lugar de nacimiento, segun grupo de edad. Ano 2022",c2022_tp_migraciones_c11.xlsx
Europa,Montenegro,5,1,0,0,0,0,1,2,0,0,1,0,0,0,0,0,0,0,0,0,0,0,Poblacion en viviendas particulares,"Cuadro 11. Total del pais. Poblacion en viviendas particulares nacida en otro pais, por lugar de nacimiento, segun grupo de edad. Ano 2022",c2022_tp_migraciones_c11.xlsx
Europa,Noruega,105,1,4,12,7,5,4,8,11,8,8,10,4,3,3,2,9,2,2,2,0,0,Poblacion en viviendas particulares,"Cuadro 11. Total del pais. Poblacion en viviendas particulares nacida en otro pais, por lugar de nacimiento, segun grupo de edad. Ano 2022",c2022_tp_migraciones_c11.xlsx
Europa,Países Bajos,683,17,25,21,39,30,35,29,45,67,33,49,36,35,30,49,61,38,28,12,3,1,Poblacion en viviendas particulares,"Cuadro 11. Total del pais. Poblacion en viviendas particulares nacida en otro pais, por lugar de nacimiento, segun grupo de edad. Ano 2022",c2022_tp_migraciones_c11.xlsx
Europa,Polonia,1408,3,1,1,5,6,15,25,40,37,24,21,34,36,47,51,127,142,398,243,138,14,Poblacion en viviendas particulares,"Cuadro 11. Total del pais. Poblacion en viviendas particulares nacida en otro pais, por lugar de nacimiento, segun grupo de edad. Ano 2022",c2022_tp_migraciones_c11.xlsx
Europa,Portugal,3281,3,14,26,35,26,25,21,17,30,31,55,83,188,314,659,678,442,396,161,69,8,Poblacion en viviendas particulares,"Cuadro 11. Total del pais. Poblacion en viviendas particulares nacida en otro pais, por lugar de nacimiento, segun grupo de edad. Ano 2022",c2022_tp_migraciones_c11.xlsx
Europa,Reino Unido de Gran Bretaña e Irlanda del Norte,1840,32,109,135,158,71,69,87,95,157,169,99,112,94,87,151,131,42,27,11,4,0,Poblacion en viviendas particulares,"Cuadro 11. Total del pais. Poblacion en viviendas particulares nacida en otro pais, por lugar de nacimiento, segun grupo de edad. Ano 2022",c2022_tp_migraciones_c11.xlsx
Europa,República Checa,203,4,8,6,7,3,6,7,12,10,10,7,6,9,12,16,26,15,16,19,4,0,Poblacion en viviendas particulares,"Cuadro 11. Total del pais. Poblacion en viviendas particulares nacida en otro pais, por lugar de nacimiento, segun grupo de edad. Ano 2022",c2022_tp_migraciones_c11.xlsx
Europa,Rumania,379,1,5,6,3,3,13,23,28,39,34,9,11,10,11,22,64,37,27,19,13,1,Poblacion en viviendas particulares,"Cuadro 11. Total del pais. Poblacion en viviendas particulares nacida en otro pais, por lugar de nacimiento, segun grupo de edad. Ano 2022",c2022_tp_migraciones_c11.xlsx
Europa,Rusia,2169,24,66,107,42,50,126,280,275,187,135,149,172,185,122,73,41,44,61,18,11,1,Poblacion en viviendas particulares,"Cuadro 11. Total del pais. Poblacion en viviendas particulares nacida en otro pais, por lugar de nacimiento, segun grupo de edad. Ano 2022",c2022_tp_migraciones_c11.xlsx
Europa,San Marino,11,1,1,1,4,0,0,0,0,0,0,0,0,0,0,2,0,1,0,0,1,0,Poblacion en viviendas particulares,"Cuadro 11. Total del pais. Poblacion en viviendas particulares nacida en otro pais, por lugar de nacimiento, segun grupo de edad. Ano 2022",c2022_tp_migraciones_c11.xlsx
Europa,Serbia,140,0,2,2,1,1,2,3,13,9,6,6,3,4,4,9,19,23,16,7,8,2,Poblacion en viviendas particulares,"Cuadro 11. Total del pais. Poblacion en viviendas particulares nacida en otro pais, por lugar de nacimiento, segun grupo de edad. Ano 2022",c2022_tp_migraciones_c11.xlsx
Europa,Serbia y Montenegro,12,0,0,0,0,0,0,0,1,0,1,2,1,2,0,1,0,0,2,1,1,0,Poblacion en viviendas particulares,"Cuadro 11. Total del pais. Poblacion en viviendas particulares nacida en otro pais, por lugar de nacimiento, segun grupo de edad. Ano 2022",c2022_tp_migraciones_c11.xlsx
Europa,Suecia,320,5,3,8,13,12,10,26,55,77,16,10,12,7,14,22,16,5,5,3,1,0,Poblacion en viviendas particulares,"Cuadro 11. Total del pais. Poblacion en viviendas particulares nacida en otro pais, por lugar de nacimiento, segun grupo de edad. Ano 2022",c2022_tp_migraciones_c11.xlsx
Europa,Suiza,1139,23,57,79,94,60,69,74,63,76,84,70,86,55,49,58,51,23,38,20,9,1,Poblacion en viviendas particulares,"Cuadro 11. Total del pais. Poblacion en viviendas particulares nacida en otro pais, por lugar de nacimiento, segun grupo de edad. Ano 2022",c2022_tp_migraciones_c11.xlsx
Europa,Turquía,606,3,8,3,8,10,14,29,31,38,32,21,26,43,90,88,66,41,27,20,5,3,Poblacion en viviendas particulares,"Cuadro 11. Total del pais. Poblacion en viviendas particulares nacida en otro pais, por lugar de nacimiento, segun grupo de edad. Ano 2022",c2022_tp_migraciones_c11.xlsx
Europa,Ucrania,3486,113,30,75,42,75,221,308,404,282,277,274,318,390,172,112,63,67,167,77,19,0,Poblacion en viviendas particulares,"Cuadro 11. Total del pais. Poblacion en viviendas particulares nacida en otro pais, por lugar de nacimiento, segun grupo de edad. Ano 2022",c2022_tp_migraciones_c11.xlsx
Europa,Vaticano,4,0,0,2,0,0,0,0,0,1,0,0,0,0,0,0,0,0,0,1,0,0,Poblacion en viviendas particulares,"Cuadro 11. Total del pais. Poblacion en viviendas particulares nacida en otro pais, por lugar de nacimiento, segun grupo de edad. Ano 2022",c2022_tp_migraciones_c11.xlsx
Europa,Indeterminado (Europa),100,1,0,5,0,2,2,3,4,3,0,3,1,5,6,16,17,11,11,5,4,1,Poblacion en viviendas particulares,"Cuadro 11. Total del pais. Poblacion en viviendas particulares nacida en otro pais, por lugar de nacimiento, segun grupo de edad. Ano 2022",c2022_tp_migraciones_c11.xlsx
Oceanía,Australia,583,21,35,42,45,27,34,48,51,96,99,23,13,10,14,8,12,2,1,2,0,0,Poblacion en viviendas particulares,"Cuadro 11. Total del pais. Poblacion en viviendas particulares nacida en otro pais, por lugar de nacimiento, segun grupo de edad. Ano 2022",c2022_tp_migraciones_c11.xlsx
Oceanía,Fiji,5,0,0,1,0,2,0,1,0,0,0,0,0,0,0,0,0,0,0,0,1,0,Poblacion en viviendas particulares,"Cuadro 11. Total del pais. Poblacion en viviendas particulares nacida en otro pais, por lugar de nacimiento, segun grupo de edad. Ano 2022",c2022_tp_migraciones_c11.xlsx
Oceanía,Kiribati,2,0,0,0,0,0,0,0,0,0,0,0,0,1,0,0,0,1,0,0,0,0,Poblacion en viviendas particulares,"Cuadro 11. Total del pais. Poblacion en viviendas particulares nacida en otro pais, por lugar de nacimiento, segun grupo de edad. Ano 2022",c2022_tp_migraciones_c11.xlsx
Oceanía,Nauru,2,0,0,0,0,0,0,0,0,0,0,1,0,0,0,0,0,1,0,0,0,0,Poblacion en viviendas particulares,"Cuadro 11. Total del pais. Poblacion en viviendas particulares nacida en otro pais, por lugar de nacimiento, segun grupo de edad. Ano 2022",c2022_tp_migraciones_c11.xlsx
Oceanía,Nueva Zelandia,116,6,8,6,12,5,5,11,11,14,11,5,4,5,4,7,0,1,0,0,1,0,Poblacion en viviendas particulares,"Cuadro 11. Total del pais. Poblacion en viviendas particulares nacida en otro pais, por lugar de nacimiento, segun grupo de edad. Ano 2022",c2022_tp_migraciones_c11.xlsx
Oceanía,Palau,0,0,0,0,0,0,0,0,0,0,0,0,0,0,0,0,0,0,0,0,0,0,Poblacion en viviendas particulares,"Cuadro 11. Total del pais. Poblacion en viviendas particulares nacida en otro pais, por lugar de nacimiento, segun grupo de edad. Ano 2022",c2022_tp_migraciones_c11.xlsx
Oceanía,Papua Nueva Guinea,6,0,0,0,0,2,0,0,1,0,1,0,1,0,1,0,0,0,0,0,0,0,Poblacion en viviendas particulares,"Cuadro 11. Total del pais. Poblacion en viviendas particulares nacida en otro pais, por lugar de nacimiento, segun grupo de edad. Ano 2022",c2022_tp_migraciones_c11.xlsx
Oceanía,Samoa,1,0,0,0,0,0,0,0,0,0,1,0,0,0,0,0,0,0,0,0,0,0,Poblacion en viviendas particulares,"Cuadro 11. Total del pais. Poblacion en viviendas particulares nacida en otro pais, por lugar de nacimiento, segun grupo de edad. Ano 2022",c2022_tp_migraciones_c11.xlsx
Oceanía,Tonga,1,0,0,0,0,0,0,0,0,0,0,1,0,0,0,0,0,0,0,0,0,0,Poblacion en viviendas particulares,"Cuadro 11. Total del pais. Poblacion en viviendas particulares nacida en otro pais, por lugar de nacimiento, segun grupo de edad. Ano 2022",c2022_tp_migraciones_c11.xlsx
Oceanía,Tuvalu,1,0,0,0,0,0,0,0,1,0,0,0,0,0,0,0,0,0,0,0,0,0,Poblacion en viviendas particulares,"Cuadro 11. Total del pais. Poblacion en viviendas particulares nacida en otro pais, por lugar de nacimiento, segun grupo de edad. Ano 2022",c2022_tp_migraciones_c11.xlsx
Oceanía,Vanuatu,2,0,0,0,0,0,0,0,0,0,0,0,0,1,0,0,0,0,1,0,0,0,Poblacion en viviendas particulares,"Cuadro 11. Total del pais. Poblacion en viviendas particulares nacida en otro pais, por lugar de nacimiento, segun grupo de edad. Ano 2022",c2022_tp_migraciones_c11.xlsx
Oceanía,Indeterminado (Oceanía),2,0,0,0,0,0,0,0,0,0,0,0,1,0,0,0,1,0,0,0,0,0,Poblacion en viviendas particulares,"Cuadro 11. Total del pais. Poblacion en viviendas particulares nacida en otro pais, por lugar de nacimiento, segun grupo de edad. Ano 2022",c2022_tp_migraciones_c11.xlsx
Otros,Ex Unión Soviética,32,0,0,0,0,0,0,3,2,0,4,2,5,6,4,5,0,0,1,0,0,0,Poblacion en viviendas particulares,"Cuadro 11. Total del pais. Poblacion en viviendas particulares nacida en otro pais, por lugar de nacimiento, segun grupo de edad. Ano 2022",c2022_tp_migraciones_c11.xlsx
Otros,IGNORADO,179239,7945,8411,8851,10067,11923,14023,15296,14218,12989,11717,11233,10575,9313,8481,8360,6956,4376,2569,1403,499,34,Poblacion en viviendas particulares,"Cuadro 11. Total del pais. Poblacion en viviendas particulares nacida en otro pais, por lugar de nacimiento, segun grupo de edad. Ano 2022",c2022_tp_migraciones_c11.xlsx
