continent,country_of_birth,persons,women,men,check_sum_jurisdictions,universe,source_table,source_file,source_page
Total,Total,1933463,1061421,872042,1933463,Poblacion en viviendas particulares (private dwellings only),"Cuadro 10. Total del pais. Poblacion en viviendas particulares nacida en otro pais, por lugar de nacimiento, segun sexo registrado al nacer y jurisdiccion. Ano 2022",c2022_tp_migraciones_c10.xlsx,web table (not in PDF); PDF top-30 list p.13
África,Angola,177,88,89,177,Poblacion en viviendas particulares (private dwellings only),"Cuadro 10. Total del pais. Poblacion en viviendas particulares nacida en otro pais, por lugar de nacimiento, segun sexo registrado al nacer y jurisdiccion. Ano 2022",c2022_tp_migraciones_c10.xlsx,web table (not in PDF); PDF top-30 list p.13
África,Argelia,138,59,79,138,Poblacion en viviendas particulares (private dwellings only),"Cuadro 10. Total del pais. Poblacion en viviendas particulares nacida en otro pais, por lugar de nacimiento, segun sexo registrado al nacer y jurisdiccion. Ano 2022",c2022_tp_migraciones_c10.xlsx,web table (not in PDF); PDF top-30 list p.13
África,Benin,6,2,4,6,Poblacion en viviendas particulares (private dwellings only),"Cuadro 10. Total del pais. Poblacion en viviendas particulares nacida en otro pais, por lugar de nacimiento, segun sexo registrado al nacer y jurisdiccion. Ano 2022",c2022_tp_migraciones_c10.xlsx,web table (not in PDF); PDF top-30 list p.13
África,Botswana,8,4,4,8,Poblacion en viviendas particulares (private dwellings only),"Cuadro 10. Total del pais. Poblacion en viviendas particulares nacida en otro pais, por lugar de nacimiento, segun sexo registrado al nacer y jurisdiccion. Ano 2022",c2022_tp_migraciones_c10.xlsx,web table (not in PDF); PDF top-30 list p.13
África,Burkina Faso,18,13,5,18,Poblacion en viviendas particulares (private dwellings only),"Cuadro 10. Total del pais. Poblacion en viviendas particulares nacida en otro pais, por lugar de nacimiento, segun sexo registrado al nacer y jurisdiccion. Ano 2022",c2022_tp_migraciones_c10.xlsx,web table (not in PDF); PDF top-30 list p.13
África,Burundi,8,3,5,8,Poblacion en viviendas particulares (private dwellings only),"Cuadro 10. Total del pais. Poblacion en viviendas particulares nacida en otro pais, por lugar de nacimiento, segun sexo registrado al nacer y jurisdiccion. Ano 2022",c2022_tp_migraciones_c10.xlsx,web table (not in PDF); PDF top-30 list p.13
África,Cabo Verde,46,24,22,46,Poblacion en viviendas particulares (private dwellings only),"Cuadro 10. Total del pais. Poblacion en viviendas particulares nacida en otro pais, por lugar de nacimiento, segun sexo registrado al nacer y jurisdiccion. Ano 2022",c2022_tp_migraciones_c10.xlsx,web table (not in PDF); PDF top-30 list p.13
África,Camerún,40,6,34,40,Poblacion en viviendas particulares (private dwellings only),"Cuadro 10. Total del pais. Poblacion en viviendas particulares nacida en otro pais, por lugar de nacimiento, segun sexo registrado al nacer y jurisdiccion. Ano 2022",c2022_tp_migraciones_c10.xlsx,web table (not in PDF); PDF top-30 list p.13
África,Chad,7,2,5,7,Poblacion en viviendas particulares (private dwellings only),"Cuadro 10. Total del pais. Poblacion en viviendas particulares nacida en otro pais, por lugar de nacimiento, segun sexo registrado al nacer y jurisdiccion. Ano 2022",c2022_tp_migraciones_c10.xlsx,web table (not in PDF); PDF top-30 list p.13
África,Comoras,2,2,0,2,Poblacion en viviendas particulares (private dwellings only),"Cuadro 10. Total del pais. Poblacion en viviendas particulares nacida en otro pais, por lugar de nacimiento, segun sexo registrado al nacer y jurisdiccion. Ano 2022",c2022_tp_migraciones_c10.xlsx,web table (not in PDF); PDF top-30 list p.13
África,Congo,29,15,14,29,Poblacion en viviendas particulares (private dwellings only),"Cuadro 10. Total del pais. Poblacion en viviendas particulares nacida en otro pais, por lugar de nacimiento, segun sexo registrado al nacer y jurisdiccion. Ano 2022",c2022_tp_migraciones_c10.xlsx,web table (not in PDF); PDF top-30 list p.13
África,Costa de Marfil,28,8,20,28,Poblacion en viviendas particulares (private dwellings only),"Cuadro 10. Total del pais. Poblacion en viviendas particulares nacida en otro pais, por lugar de nacimiento, segun sexo registrado al nacer y jurisdiccion. Ano 2022",c2022_tp_migraciones_c10.xlsx,web table (not in PDF); PDF top-30 list p.13
África,Djibouti,4,1,3,4,Poblacion en viviendas particulares (private dwellings only),"Cuadro 10. Total del pais. Poblacion en viviendas particulares nacida en otro pais, por lugar de nacimiento, segun sexo registrado al nacer y jurisdiccion. Ano 2022",c2022_tp_migraciones_c10.xlsx,web table (not in PDF); PDF top-30 list p.13
África,Egipto,238,98,140,238,Poblacion en viviendas particulares (private dwellings only),"Cuadro 10. Total del pais. Poblacion en viviendas particulares nacida en otro pais, por lugar de nacimiento, segun sexo registrado al nacer y jurisdiccion. Ano 2022",c2022_tp_migraciones_c10.xlsx,web table (not in PDF); PDF top-30 list p.13
África,Eritrea,17,7,10,17,Poblacion en viviendas particulares (private dwellings only),"Cuadro 10. Total del pais. Poblacion en viviendas particulares nacida en otro pais, por lugar de nacimiento, segun sexo registrado al nacer y jurisdiccion. Ano 2022",c2022_tp_migraciones_c10.xlsx,web table (not in PDF); PDF top-30 list p.13
África,Etiopía,32,14,18,32,Poblacion en viviendas particulares (private dwellings only),"Cuadro 10. Total del pais. Poblacion en viviendas particulares nacida en otro pais, por lugar de nacimiento, segun sexo registrado al nacer y jurisdiccion. Ano 2022",c2022_tp_migraciones_c10.xlsx,web table (not in PDF); PDF top-30 list p.13
África,Gabón,3,1,2,3,Poblacion en viviendas particulares (private dwellings only),"Cuadro 10. Total del pais. Poblacion en viviendas particulares nacida en otro pais, por lugar de nacimiento, segun sexo registrado al nacer y jurisdiccion. Ano 2022",c2022_tp_migraciones_c10.xlsx,web table (not in PDF); PDF top-30 list p.13
África,Gambia,1,0,1,1,Poblacion en viviendas particulares (private dwellings only),"Cuadro 10. Total del pais. Poblacion en viviendas particulares nacida en otro pais, por lugar de nacimiento, segun sexo registrado al nacer y jurisdiccion. Ano 2022",c2022_tp_migraciones_c10.xlsx,web table (not in PDF); PDF top-30 list p.13
África,Ghana,103,22,81,103,Poblacion en viviendas particulares (private dwellings only),"Cuadro 10. Total del pais. Poblacion en viviendas particulares nacida en otro pais, por lugar de nacimiento, segun sexo registrado al nacer y jurisdiccion. Ano 2022",c2022_tp_migraciones_c10.xlsx,web table (not in PDF); PDF top-30 list p.13
África,Guinea,19,5,14,19,Poblacion en viviendas particulares (private dwellings only),"Cuadro 10. Total del pais. Poblacion en viviendas particulares nacida en otro pais, por lugar de nacimiento, segun sexo registrado al nacer y jurisdiccion. Ano 2022",c2022_tp_migraciones_c10.xlsx,web table (not in PDF); PDF top-30 list p.13
África,Guinea Bissau,31,11,20,31,Poblacion en viviendas particulares (private dwellings only),"Cuadro 10. Total del pais. Poblacion en viviendas particulares nacida en otro pais, por lugar de nacimiento, segun sexo registrado al nacer y jurisdiccion. Ano 2022",c2022_tp_migraciones_c10.xlsx,web table (not in PDF); PDF top-30 list p.13
África,Guinea Ecuatorial,31,10,21,31,Poblacion en viviendas particulares (private dwellings only),"Cuadro 10. Total del pais. Poblacion en viviendas particulares nacida en otro pais, por lugar de nacimiento, segun sexo registrado al nacer y jurisdiccion. Ano 2022",c2022_tp_migraciones_c10.xlsx,web table (not in PDF); PDF top-30 list p.13
África,Kenya,21,11,10,21,Poblacion en viviendas particulares (private dwellings only),"Cuadro 10. Total del pais. Poblacion en viviendas particulares nacida en otro pais, por lugar de nacimiento, segun sexo registrado al nacer y jurisdiccion. Ano 2022",c2022_tp_migraciones_c10.xlsx,web table (not in PDF); PDF top-30 list p.13
África,Lesotho,4,3,1,4,Poblacion en viviendas particulares (private dwellings only),"Cuadro 10. Total del pais. Poblacion en viviendas particulares nacida en otro pais, por lugar de nacimiento, segun sexo registrado al nacer y jurisdiccion. Ano 2022",c2022_tp_migraciones_c10.xlsx,web table (not in PDF); PDF top-30 list p.13
África,Liberia,18,3,15,18,Poblacion en viviendas particulares (private dwellings only),"Cuadro 10. Total del pais. Poblacion en viviendas particulares nacida en otro pais, por lugar de nacimiento, segun sexo registrado al nacer y jurisdiccion. Ano 2022",c2022_tp_migraciones_c10.xlsx,web table (not in PDF); PDF top-30 list p.13
África,Libia,39,23,16,39,Poblacion en viviendas particulares (private dwellings only),"Cuadro 10. Total del pais. Poblacion en viviendas particulares nacida en otro pais, por lugar de nacimiento, segun sexo registrado al nacer y jurisdiccion. Ano 2022",c2022_tp_migraciones_c10.xlsx,web table (not in PDF); PDF top-30 list p.13
África,Madagascar,7,4,3,7,Poblacion en viviendas particulares (private dwellings only),"Cuadro 10. Total del pais. Poblacion en viviendas particulares nacida en otro pais, por lugar de nacimiento, segun sexo registrado al nacer y jurisdiccion. Ano 2022",c2022_tp_migraciones_c10.xlsx,web table (not in PDF); PDF top-30 list p.13
África,Malawi,2,1,1,2,Poblacion en viviendas particulares (private dwellings only),"Cuadro 10. Total del pais. Poblacion en viviendas particulares nacida en otro pais, por lugar de nacimiento, segun sexo registrado al nacer y jurisdiccion. Ano 2022",c2022_tp_migraciones_c10.xlsx,web table (not in PDF); PDF top-30 list p.13
África,Malí,17,5,12,17,Poblacion en viviendas particulares (private dwellings only),"Cuadro 10. Total del pais. Poblacion en viviendas particulares nacida en otro pais, por lugar de nacimiento, segun sexo registrado al nacer y jurisdiccion. Ano 2022",c2022_tp_migraciones_c10.xlsx,web table (not in PDF); PDF top-30 list p.13
África,Marruecos,231,90,141,231,Poblacion en viviendas particulares (private dwellings only),"Cuadro 10. Total del pais. Poblacion en viviendas particulares nacida en otro pais, por lugar de nacimiento, segun sexo registrado al nacer y jurisdiccion. Ano 2022",c2022_tp_migraciones_c10.xlsx,web table (not in PDF); PDF top-30 list p.13
África,Mauricio,4,1,3,4,Poblacion en viviendas particulares (private dwellings only),"Cuadro 10. Total del pais. Poblacion en viviendas particulares nacida en otro pais, por lugar de nacimiento, segun sexo registrado al nacer y jurisdiccion. Ano 2022",c2022_tp_migraciones_c10.xlsx,web table (not in PDF); PDF top-30 list p.13
África,Mauritania,1,1,0,1,Poblacion en viviendas particulares (private dwellings only),"Cuadro 10. Total del pais. Poblacion en viviendas particulares nacida en otro pais, por lugar de nacimiento, segun sexo registrado al nacer y jurisdiccion. Ano 2022",c2022_tp_migraciones_c10.xlsx,web table (not in PDF); PDF top-30 list p.13
África,Mozambique,21,15,6,21,Poblacion en viviendas particulares (private dwellings only),"Cuadro 10. Total del pais. Poblacion en viviendas particulares nacida en otro pais, por lugar de nacimiento, segun sexo registrado al nacer y jurisdiccion. Ano 2022",c2022_tp_migraciones_c10.xlsx,web table (not in PDF); PDF top-30 list p.13
África,Namibia,2,2,0,2,Poblacion en viviendas particulares (private dwellings only),"Cuadro 10. Total del pais. Poblacion en viviendas particulares nacida en otro pais, por lugar de nacimiento, segun sexo registrado al nacer y jurisdiccion. Ano 2022",c2022_tp_migraciones_c10.xlsx,web table (not in PDF); PDF top-30 list p.13
África,Níger,2,1,1,2,Poblacion en viviendas particulares (private dwellings only),"Cuadro 10. Total del pais. Poblacion en viviendas particulares nacida en otro pais, por lugar de nacimiento, segun sexo registrado al nacer y jurisdiccion. Ano 2022",c2022_tp_migraciones_c10.xlsx,web table (not in PDF); PDF top-30 list p.13
África,Nigeria,123,39,84,123,Poblacion en viviendas particulares (private dwellings only),"Cuadro 10. Total del pais. Poblacion en viviendas particulares nacida en otro pais, por lugar de nacimiento, segun sexo registrado al nacer y jurisdiccion. Ano 2022",c2022_tp_migraciones_c10.xlsx,web table (not in PDF); PDF top-30 list p.13
África,República Centroafricana,7,4,3,7,Poblacion en viviendas particulares (private dwellings only),"Cuadro 10. Total del pais. Poblacion en viviendas particulares nacida en otro pais, por lugar de nacimiento, segun sexo registrado al nacer y jurisdiccion. Ano 2022",c2022_tp_migraciones_c10.xlsx,web table (not in PDF); PDF top-30 list p.13
África,República Democrática del Congo,50,24,26,50,Poblacion en viviendas particulares (private dwellings only),"Cuadro 10. Total del pais. Poblacion en viviendas particulares nacida en otro pais, por lugar de nacimiento, segun sexo registrado al nacer y jurisdiccion. Ano 2022",c2022_tp_migraciones_c10.xlsx,web table (not in PDF); PDF top-30 list p.13
África,Rwanda,6,2,4,6,Poblacion en viviendas particulares (private dwellings only),"Cuadro 10. Total del pais. Poblacion en viviendas particulares nacida en otro pais, por lugar de nacimiento, segun sexo registrado al nacer y jurisdiccion. Ano 2022",c2022_tp_migraciones_c10.xlsx,web table (not in PDF); PDF top-30 list p.13
África,Santo Tomé y Príncipe,4,2,2,4,Poblacion en viviendas particulares (private dwellings only),"Cuadro 10. Total del pais. Poblacion en viviendas particulares nacida en otro pais, por lugar de nacimiento, segun sexo registrado al nacer y jurisdiccion. Ano 2022",c2022_tp_migraciones_c10.xlsx,web table (not in PDF); PDF top-30 list p.13
África,Senegal,1120,79,1041,1120,Poblacion en viviendas particulares (private dwellings only),"Cuadro 10. Total del pais. Poblacion en viviendas particulares nacida en otro pais, por lugar de nacimiento, segun sexo registrado al nacer y jurisdiccion. Ano 2022",c2022_tp_migraciones_c10.xlsx,web table (not in PDF); PDF top-30 list p.13
África,Seychelles,2,1,1,2,Poblacion en viviendas particulares (private dwellings only),"Cuadro 10. Total del pais. Poblacion en viviendas particulares nacida en otro pais, por lugar de nacimiento, segun sexo registrado al nacer y jurisdiccion. Ano 2022",c2022_tp_migraciones_c10.xlsx,web table (not in PDF); PDF top-30 list p.13
África,Sierra Leona,9,1,8,9,Poblacion en viviendas particulares (private dwellings only),"Cuadro 10. Total del pais. Poblacion en viviendas particulares nacida en otro pais, por lugar de nacimiento, segun sexo registrado al nacer y jurisdiccion. Ano 2022",c2022_tp_migraciones_c10.xlsx,web table (not in PDF); PDF top-30 list p.13
África,Somalia,8,5,3,8,Poblacion en viviendas particulares (private dwellings only),"Cuadro 10. Total del pais. Poblacion en viviendas particulares nacida en otro pais, por lugar de nacimiento, segun sexo registrado al nacer y jurisdiccion. Ano 2022",c2022_tp_migraciones_c10.xlsx,web table (not in PDF); PDF top-30 list p.13
África,Sudáfrica,322,149,173,322,Poblacion en viviendas particulares (private dwellings only),"Cuadro 10. Total del pais. Poblacion en viviendas particulares nacida en otro pais, por lugar de nacimiento, segun sexo registrado al nacer y jurisdiccion. Ano 2022",c2022_tp_migraciones_c10.xlsx,web table (not in PDF); PDF top-30 list p.13
África,Sudán,4,3,1,4,Poblacion en viviendas particulares (private dwellings only),"Cuadro 10. Total del pais. Poblacion en viviendas particulares nacida en otro pais, por lugar de nacimiento, segun sexo registrado al nacer y jurisdiccion. Ano 2022",c2022_tp_migraciones_c10.xlsx,web table (not in PDF); PDF top-30 list p.13
África,Swazilandia,5,2,3,5,Poblacion en viviendas particulares (private dwellings only),"Cuadro 10. Total del pais. Poblacion en viviendas particulares nacida en otro pais, por lugar de nacimiento, segun sexo registrado al nacer y jurisdiccion. Ano 2022",c2022_tp_migraciones_c10.xlsx,web table (not in PDF); PDF top-30 list p.13
África,Tanzanía,12,7,5,12,Poblacion en viviendas particulares (private dwellings only),"Cuadro 10. Total del pais. Poblacion en viviendas particulares nacida en otro pais, por lugar de nacimiento, segun sexo registrado al nacer y jurisdiccion. Ano 2022",c2022_tp_migraciones_c10.xlsx,web table (not in PDF); PDF top-30 list p.13
África,Togo,8,3,5,8,Poblacion en viviendas particulares (private dwellings only),"Cuadro 10. Total del pais. Poblacion en viviendas particulares nacida en otro pais, por lugar de nacimiento, segun sexo registrado al nacer y jurisdiccion. Ano 2022",c2022_tp_migraciones_c10.xlsx,web table (not in PDF); PDF top-30 list p.13
África,Túnez,56,17,39,56,Poblacion en viviendas particulares (private dwellings only),"Cuadro 10. Total del pais. Poblacion en viviendas particulares nacida en otro pais, por lugar de nacimiento, segun sexo registrado al nacer y jurisdiccion. Ano 2022",c2022_tp_migraciones_c10.xlsx,web table (not in PDF); PDF top-30 list p.13
África,Uganda,8,4,4,8,Poblacion en viviendas particulares (private dwellings only),"Cuadro 10. Total del pais. Poblacion en viviendas particulares nacida en otro pais, por lugar de nacimiento, segun sexo registrado al nacer y jurisdiccion. Ano 2022",c2022_tp_migraciones_c10.xlsx,web table (not in PDF); PDF top-30 list p.13
África,Zambia,6,3,3,6,Poblacion en viviendas particulares (private dwellings only),"Cuadro 10. Total del pais. Poblacion en viviendas particulares nacida en otro pais, por lugar de nacimiento, segun sexo registrado al nacer y jurisdiccion. Ano 2022",c2022_tp_migraciones_c10.xlsx,web table (not in PDF); PDF top-30 list p.13
África,Zimbabwe,11,5,6,11,Poblacion en viviendas particulares (private dwellings only),"Cuadro 10. Total del pais. Poblacion en viviendas particulares nacida en otro pais, por lugar de nacimiento, segun sexo registrado al nacer y jurisdiccion. Ano 2022",c2022_tp_migraciones_c10.xlsx,web table (not in PDF); PDF top-30 list p.13
África,Indeterminado (África),127,33,94,127,Poblacion en viviendas particulares (private dwellings only),"Cuadro 10. Total del pais. Poblacion en viviendas particulares nacida en otro pais, por lugar de nacimiento, segun sexo registrado al nacer y jurisdiccion. Ano 2022",c2022_tp_migraciones_c10.xlsx,web table (not in PDF); PDF top-30 list p.13
América,Antigua y Barbuda,26,14,12,26,Poblacion en viviendas particulares (private dwellings only),"Cuadro 10. Total del pais. Poblacion en viviendas particulares nacida en otro pais, por lugar de nacimiento, segun sexo registrado al nacer y jurisdiccion. Ano 2022",c2022_tp_migraciones_c10.xlsx,web table (not in PDF); PDF top-30 list p.13
América,Aruba,25,13,12,25,Poblacion en viviendas particulares (private dwellings only),"Cuadro 10. Total del pais. Poblacion en viviendas particulares nacida en otro pais, por lugar de nacimiento, segun sexo registrado al nacer y jurisdiccion. Ano 2022",c2022_tp_migraciones_c10.xlsx,web table (not in PDF); PDF top-30 list p.13
América,Bahamas,14,6,8,14,Poblacion en viviendas particulares (private dwellings only),"Cuadro 10. Total del pais. Poblacion en viviendas particulares nacida en otro pais, por lugar de nacimiento, segun sexo registrado al nacer y jurisdiccion. Ano 2022",c2022_tp_migraciones_c10.xlsx,web table (not in PDF); PDF top-30 list p.13
América,Barbados,15,12,3,15,Poblacion en viviendas particulares (private dwellings only),"Cuadro 10. Total del pais. Poblacion en viviendas particulares nacida en otro pais, por lugar de nacimiento, segun sexo registrado al nacer y jurisdiccion. Ano 2022",c2022_tp_migraciones_c10.xlsx,web table (not in PDF); PDF top-30 list p.13
América,Belice,8,2,6,8,Poblacion en viviendas particulares (private dwellings only),"Cuadro 10. Total del pais. Poblacion en viviendas particulares nacida en otro pais, por lugar de nacimiento, segun sexo registrado al nacer y jurisdiccion. Ano 2022",c2022_tp_migraciones_c10.xlsx,web table (not in PDF); PDF top-30 list p.13
América,Bolivia,338299,177186,161113,338299,Poblacion en viviendas particulares (private dwellings only),"Cuadro 10. Total del pais. Poblacion en viviendas particulares nacida en otro pais, por lugar de nacimiento, segun sexo registrado al nacer y jurisdiccion. Ano 2022",c2022_tp_migraciones_c10.xlsx,web table (not in PDF); PDF top-30 list p.13
América,Brasil,49943,30520,19423,49943,Poblacion en viviendas particulares (private dwellings only),"Cuadro 10. Total del pais. Poblacion en viviendas particulares nacida en otro pais, por lugar de nacimiento, segun sexo registrado al nacer y jurisdiccion. Ano 2022",c2022_tp_migraciones_c10.xlsx,web table (not in PDF); PDF top-30 list p.13
América,Canadá,1377,708,669,1377,Poblacion en viviendas particulares (private dwellings only),"Cuadro 10. Total del pais. Poblacion en viviendas particulares nacida en otro pais, por lugar de nacimiento, segun sexo registrado al nacer y jurisdiccion. Ano 2022",c2022_tp_migraciones_c10.xlsx,web table (not in PDF); PDF top-30 list p.13
América,Chile,149082,83659,65423,149082,Poblacion en viviendas particulares (private dwellings only),"Cuadro 10. Total del pais. Poblacion en viviendas particulares nacida en otro pais, por lugar de nacimiento, segun sexo registrado al nacer y jurisdiccion. Ano 2022",c2022_tp_migraciones_c10.xlsx,web table (not in PDF); PDF top-30 list p.13
América,Colombia,46482,24399,22083,46482,Poblacion en viviendas particulares (private dwellings only),"Cuadro 10. Total del pais. Poblacion en viviendas particulares nacida en otro pais, por lugar de nacimiento, segun sexo registrado al nacer y jurisdiccion. Ano 2022",c2022_tp_migraciones_c10.xlsx,web table (not in PDF); PDF top-30 list p.13
América,Costa Rica,706,365,341,706,Poblacion en viviendas particulares (private dwellings only),"Cuadro 10. Total del pais. Poblacion en viviendas particulares nacida en otro pais, por lugar de nacimiento, segun sexo registrado al nacer y jurisdiccion. Ano 2022",c2022_tp_migraciones_c10.xlsx,web table (not in PDF); PDF top-30 list p.13
América,Cuba,3921,1744,2177,3921,Poblacion en viviendas particulares (private dwellings only),"Cuadro 10. Total del pais. Poblacion en viviendas particulares nacida en otro pais, por lugar de nacimiento, segun sexo registrado al nacer y jurisdiccion. Ano 2022",c2022_tp_migraciones_c10.xlsx,web table (not in PDF); PDF top-30 list p.13
América,Dominica,78,57,21,78,Poblacion en viviendas particulares (private dwellings only),"Cuadro 10. Total del pais. Poblacion en viviendas particulares nacida en otro pais, por lugar de nacimiento, segun sexo registrado al nacer y jurisdiccion. Ano 2022",c2022_tp_migraciones_c10.xlsx,web table (not in PDF); PDF top-30 list p.13
América,Ecuador,8879,4862,4017,8879,Poblacion en viviendas particulares (private dwellings only),"Cuadro 10. Total del pais. Poblacion en viviendas particulares nacida en otro pais, por lugar de nacimiento, segun sexo registrado al nacer y jurisdiccion. Ano 2022",c2022_tp_migraciones_c10.xlsx,web table (not in PDF); PDF top-30 list p.13
América,El Salvador,830,433,397,830,Poblacion en viviendas particulares (private dwellings only),"Cuadro 10. Total del pais. Poblacion en viviendas particulares nacida en otro pais, por lugar de nacimiento, segun sexo registrado al nacer y jurisdiccion. Ano 2022",c2022_tp_migraciones_c10.xlsx,web table (not in PDF); PDF top-30 list p.13
América,Estados Unidos,13986,6846,7140,13986,Poblacion en viviendas particulares (private dwellings only),"Cuadro 10. Total del pais. Poblacion en viviendas particulares nacida en otro pais, por lugar de nacimiento, segun sexo registrado al nacer y jurisdiccion. Ano 2022",c2022_tp_migraciones_c10.xlsx,web table (not in PDF); PDF top-30 list p.13
América,Granada,4,4,0,4,Poblacion en viviendas particulares (private dwellings only),"Cuadro 10. Total del pais. Poblacion en viviendas particulares nacida en otro pais, por lugar de nacimiento, segun sexo registrado al nacer y jurisdiccion. Ano 2022",c2022_tp_migraciones_c10.xlsx,web table (not in PDF); PDF top-30 list p.13
América,Guatemala,546,284,262,546,Poblacion en viviendas particulares (private dwellings only),"Cuadro 10. Total del pais. Poblacion en viviendas particulares nacida en otro pais, por lugar de nacimiento, segun sexo registrado al nacer y jurisdiccion. Ano 2022",c2022_tp_migraciones_c10.xlsx,web table (not in PDF); PDF top-30 list p.13
América,Guyana,20,16,4,20,Poblacion en viviendas particulares (private dwellings only),"Cuadro 10. Total del pais. Poblacion en viviendas particulares nacida en otro pais, por lugar de nacimiento, segun sexo registrado al nacer y jurisdiccion. Ano 2022",c2022_tp_migraciones_c10.xlsx,web table (not in PDF); PDF top-30 list p.13
América,Haití,1524,643,881,1524,Poblacion en viviendas particulares (private dwellings only),"Cuadro 10. Total del pais. Poblacion en viviendas particulares nacida en otro pais, por lugar de nacimiento, segun sexo registrado al nacer y jurisdiccion. Ano 2022",c2022_tp_migraciones_c10.xlsx,web table (not in PDF); PDF top-30 list p.13
América,Honduras,525,301,224,525,Poblacion en viviendas particulares (private dwellings only),"Cuadro 10. Total del pais. Poblacion en viviendas particulares nacida en otro pais, por lugar de nacimiento, segun sexo registrado al nacer y jurisdiccion. Ano 2022",c2022_tp_migraciones_c10.xlsx,web table (not in PDF); PDF top-30 list p.13
América,Jamaica,34,12,22,34,Poblacion en viviendas particulares (private dwellings only),"Cuadro 10. Total del pais. Poblacion en viviendas particulares nacida en otro pais, por lugar de nacimiento, segun sexo registrado al nacer y jurisdiccion. Ano 2022",c2022_tp_migraciones_c10.xlsx,web table (not in PDF); PDF top-30 list p.13
América,México,5833,3116,2717,5833,Poblacion en viviendas particulares (private dwellings only),"Cuadro 10. Total del pais. Poblacion en viviendas particulares nacida en otro pais, por lugar de nacimiento, segun sexo registrado al nacer y jurisdiccion. Ano 2022",c2022_tp_migraciones_c10.xlsx,web table (not in PDF); PDF top-30 list p.13
América,Nicaragua,371,207,164,371,Poblacion en viviendas particulares (private dwellings only),"Cuadro 10. Total del pais. Poblacion en viviendas particulares nacida en otro pais, por lugar de nacimiento, segun sexo registrado al nacer y jurisdiccion. Ano 2022",c2022_tp_migraciones_c10.xlsx,web table (not in PDF); PDF top-30 list p.13
América,Panamá,572,293,279,572,Poblacion en viviendas particulares (private dwellings only),"Cuadro 10. Total del pais. Poblacion en viviendas particulares nacida en otro pais, por lugar de nacimiento, segun sexo registrado al nacer y jurisdiccion. Ano 2022",c2022_tp_migraciones_c10.xlsx,web table (not in PDF); PDF top-30 list p.13
América,Paraguay,522598,298850,223748,522598,Poblacion en viviendas particulares (private dwellings only),"Cuadro 10. Total del pais. Poblacion en viviendas particulares nacida en otro pais, por lugar de nacimiento, segun sexo registrado al nacer y jurisdiccion. Ano 2022",c2022_tp_migraciones_c10.xlsx,web table (not in PDF); PDF top-30 list p.13
América,Perú,156251,85768,70483,156251,Poblacion en viviendas particulares (private dwellings only),"Cuadro 10. Total del pais. Poblacion en viviendas particulares nacida en otro pais, por lugar de nacimiento, segun sexo registrado al nacer y jurisdiccion. Ano 2022",c2022_tp_migraciones_c10.xlsx,web table (not in PDF); PDF top-30 list p.13
América,Puerto Rico,219,133,86,219,Poblacion en viviendas particulares (private dwellings only),"Cuadro 10. Total del pais. Poblacion en viviendas particulares nacida en otro pais, por lugar de nacimiento, segun sexo registrado al nacer y jurisdiccion. Ano 2022",c2022_tp_migraciones_c10.xlsx,web table (not in PDF); PDF top-30 list p.13
América,República Dominicana,7817,5031,2786,7817,Poblacion en viviendas particulares (private dwellings only),"Cuadro 10. Total del pais. Poblacion en viviendas particulares nacida en otro pais, por lugar de nacimiento, segun sexo registrado al nacer y jurisdiccion. Ano 2022",c2022_tp_migraciones_c10.xlsx,web table (not in PDF); PDF top-30 list p.13
América,San Cristóbal y Nevis,1,0,1,1,Poblacion en viviendas particulares (private dwellings only),"Cuadro 10. Total del pais. Poblacion en viviendas particulares nacida en otro pais, por lugar de nacimiento, segun sexo registrado al nacer y jurisdiccion. Ano 2022",c2022_tp_migraciones_c10.xlsx,web table (not in PDF); PDF top-30 list p.13
América,San Vicente y Las Granadinas,1,1,0,1,Poblacion en viviendas particulares (private dwellings only),"Cuadro 10. Total del pais. Poblacion en viviendas particulares nacida en otro pais, por lugar de nacimiento, segun sexo registrado al nacer y jurisdiccion. Ano 2022",c2022_tp_migraciones_c10.xlsx,web table (not in PDF); PDF top-30 list p.13
América,Santa Lucía,10,6,4,10,Poblacion en viviendas particulares (private dwellings only),"Cuadro 10. Total del pais. Poblacion en viviendas particulares nacida en otro pais, por lugar de nacimiento, segun sexo registrado al nacer y jurisdiccion. Ano 2022",c2022_tp_migraciones_c10.xlsx,web table (not in PDF); PDF top-30 list p.13
América,Suriname,7,5,2,7,Poblacion en viviendas particulares (private dwellings only),"Cuadro 10. Total del pais. Poblacion en viviendas particulares nacida en otro pais, por lugar de nacimiento, segun sexo registrado al nacer y jurisdiccion. Ano 2022",c2022_tp_migraciones_c10.xlsx,web table (not in PDF); PDF top-30 list p.13
América,Trinidad y Tobago,21,8,13,21,Poblacion en viviendas particulares (private dwellings only),"Cuadro 10. Total del pais. Poblacion en viviendas particulares nacida en otro pais, por lugar de nacimiento, segun sexo registrado al nacer y jurisdiccion. Ano 2022",c2022_tp_migraciones_c10.xlsx,web table (not in PDF); PDF top-30 list p.13
América,Uruguay,95384,51409,43975,95384,Poblacion en viviendas particulares (private dwellings only),"Cuadro 10. Total del pais. Poblacion en viviendas particulares nacida en otro pais, por lugar de nacimiento, segun sexo registrado al nacer y jurisdiccion. Ano 2022",c2022_tp_migraciones_c10.xlsx,web table (not in PDF); PDF top-30 list p.13
América,Venezuela,161495,85118,76377,161495,Poblacion en viviendas particulares (private dwellings only),"Cuadro 10. Total del pais. Poblacion en viviendas particulares nacida en otro pais, por lugar de nacimiento, segun sexo registrado al nacer y jurisdiccion. Ano 2022",c2022_tp_migraciones_c10.xlsx,web table (not in PDF); PDF top-30 list p.13
América,Antillas Holandesas,35,18,17,35,Poblacion en viviendas particulares (private dwellings only),"Cuadro 10. Total del pais. Poblacion en viviendas particulares nacida en otro pais, por lugar de nacimiento, segun sexo registrado al nacer y jurisdiccion. Ano 2022",c2022_tp_migraciones_c10.xlsx,web table (not in PDF); PDF top-30 list p.13
América,Indeterminado (América),171,96,75,171,Poblacion en viviendas particulares (private dwellings only),"Cuadro 10. Total del pais. Poblacion en viviendas particulares nacida en otro pais, por lugar de nacimiento, segun sexo registrado al nacer y jurisdiccion. Ano 2022",c2022_tp_migraciones_c10.xlsx,web table (not in PDF); PDF top-30 list p.13
Asia,Afganistán,229,101,128,229,Poblacion en viviendas particulares (private dwellings only),"Cuadro 10. Total del pais. Poblacion en viviendas particulares nacida en otro pais, por lugar de nacimiento, segun sexo registrado al nacer y jurisdiccion. Ano 2022",c2022_tp_migraciones_c10.xlsx,web table (not in PDF); PDF top-30 list p.13
Asia,Arabia Saudita,106,44,62,106,Poblacion en viviendas particulares (private dwellings only),"Cuadro 10. Total del pais. Poblacion en viviendas particulares nacida en otro pais, por lugar de nacimiento, segun sexo registrado al nacer y jurisdiccion. Ano 2022",c2022_tp_migraciones_c10.xlsx,web table (not in PDF); PDF top-30 list p.13
Asia,Armenia,862,435,427,862,Poblacion en viviendas particulares (private dwellings only),"Cuadro 10. Total del pais. Poblacion en viviendas particulares nacida en otro pais, por lugar de nacimiento, segun sexo registrado al nacer y jurisdiccion. Ano 2022",c2022_tp_migraciones_c10.xlsx,web table (not in PDF); PDF top-30 list p.13
Asia,Azerbaiyán,20,10,10,20,Poblacion en viviendas particulares (private dwellings only),"Cuadro 10. Total del pais. Poblacion en viviendas particulares nacida en otro pais, por lugar de nacimiento, segun sexo registrado al nacer y jurisdiccion. Ano 2022",c2022_tp_migraciones_c10.xlsx,web table (not in PDF); PDF top-30 list p.13
Asia,Bahrein,10,5,5,10,Poblacion en viviendas particulares (private dwellings only),"Cuadro 10. Total del pais. Poblacion en viviendas particulares nacida en otro pais, por lugar de nacimiento, segun sexo registrado al nacer y jurisdiccion. Ano 2022",c2022_tp_migraciones_c10.xlsx,web table (not in PDF); PDF top-30 list p.13
Asia,Bangladesh,114,30,84,114,Poblacion en viviendas particulares (private dwellings only),"Cuadro 10. Total del pais. Poblacion en viviendas particulares nacida en otro pais, por lugar de nacimiento, segun sexo registrado al nacer y jurisdiccion. Ano 2022",c2022_tp_migraciones_c10.xlsx,web table (not in PDF); PDF top-30 list p.13
Asia,Bhután,4,1,3,4,Poblacion en viviendas particulares (private dwellings only),"Cuadro 10. Total del pais. Poblacion en viviendas particulares nacida en otro pais, por lugar de nacimiento, segun sexo registrado al nacer y jurisdiccion. Ano 2022",c2022_tp_migraciones_c10.xlsx,web table (not in PDF); PDF top-30 list p.13
Asia,Brunei,7,4,3,7,Poblacion en viviendas particulares (private dwellings only),"Cuadro 10. Total del pais. Poblacion en viviendas particulares nacida en otro pais, por lugar de nacimiento, segun sexo registrado al nacer y jurisdiccion. Ano 2022",c2022_tp_migraciones_c10.xlsx,web table (not in PDF); PDF top-30 list p.13
Asia,Camboya,52,27,25,52,Poblacion en viviendas particulares (private dwellings only),"Cuadro 10. Total del pais. Poblacion en viviendas particulares nacida en otro pais, por lugar de nacimiento, segun sexo registrado al nacer y jurisdiccion. Ano 2022",c2022_tp_migraciones_c10.xlsx,web table (not in PDF); PDF top-30 list p.13
Asia,China,18629,8543,10086,18629,Poblacion en viviendas particulares (private dwellings only),"Cuadro 10. Total del pais. Poblacion en viviendas particulares nacida en otro pais, por lugar de nacimiento, segun sexo registrado al nacer y jurisdiccion. Ano 2022",c2022_tp_migraciones_c10.xlsx,web table (not in PDF); PDF top-30 list p.13
Asia,Corea,5337,2743,2594,5337,Poblacion en viviendas particulares (private dwellings only),"Cuadro 10. Total del pais. Poblacion en viviendas particulares nacida en otro pais, por lugar de nacimiento, segun sexo registrado al nacer y jurisdiccion. Ano 2022",c2022_tp_migraciones_c10.xlsx,web table (not in PDF); PDF top-30 list p.13
Asia,Corea Democrática y Popular,386,204,182,386,Poblacion en viviendas particulares (private dwellings only),"Cuadro 10. Total del pais. Poblacion en viviendas particulares nacida en otro pais, por lugar de nacimiento, segun sexo registrado al nacer y jurisdiccion. Ano 2022",c2022_tp_migraciones_c10.xlsx,web table (not in PDF); PDF top-30 list p.13
Asia,Emiratos Árabes Unidos,64,34,30,64,Poblacion en viviendas particulares (private dwellings only),"Cuadro 10. Total del pais. Poblacion en viviendas particulares nacida en otro pais, por lugar de nacimiento, segun sexo registrado al nacer y jurisdiccion. Ano 2022",c2022_tp_migraciones_c10.xlsx,web table (not in PDF); PDF top-30 list p.13
Asia,Filipinas,137,90,47,137,Poblacion en viviendas particulares (private dwellings only),"Cuadro 10. Total del pais. Poblacion en viviendas particulares nacida en otro pais, por lugar de nacimiento, segun sexo registrado al nacer y jurisdiccion. Ano 2022",c2022_tp_migraciones_c10.xlsx,web table (not in PDF); PDF top-30 list p.13
Asia,Georgia,61,31,30,61,Poblacion en viviendas particulares (private dwellings only),"Cuadro 10. Total del pais. Poblacion en viviendas particulares nacida en otro pais, por lugar de nacimiento, segun sexo registrado al nacer y jurisdiccion. Ano 2022",c2022_tp_migraciones_c10.xlsx,web table (not in PDF); PDF top-30 list p.13
Asia,Hong Kong (región administrativa especial de China),76,38,38,76,Poblacion en viviendas particulares (private dwellings only),"Cuadro 10. Total del pais. Poblacion en viviendas particulares nacida en otro pais, por lugar de nacimiento, segun sexo registrado al nacer y jurisdiccion. Ano 2022",c2022_tp_migraciones_c10.xlsx,web table (not in PDF); PDF top-30 list p.13
Asia,India,566,198,368,566,Poblacion en viviendas particulares (private dwellings only),"Cuadro 10. Total del pais. Poblacion en viviendas particulares nacida en otro pais, por lugar de nacimiento, segun sexo registrado al nacer y jurisdiccion. Ano 2022",c2022_tp_migraciones_c10.xlsx,web table (not in PDF); PDF top-30 list p.13
Asia,Indonesia,58,33,25,58,Poblacion en viviendas particulares (private dwellings only),"Cuadro 10. Total del pais. Poblacion en viviendas particulares nacida en otro pais, por lugar de nacimiento, segun sexo registrado al nacer y jurisdiccion. Ano 2022",c2022_tp_migraciones_c10.xlsx,web table (not in PDF); PDF top-30 list p.13
Asia,Irán,202,84,118,202,Poblacion en viviendas particulares (private dwellings only),"Cuadro 10. Total del pais. Poblacion en viviendas particulares nacida en otro pais, por lugar de nacimiento, segun sexo registrado al nacer y jurisdiccion. Ano 2022",c2022_tp_migraciones_c10.xlsx,web table (not in PDF); PDF top-30 list p.13
Asia,Iraq,42,13,29,42,Poblacion en viviendas particulares (private dwellings only),"Cuadro 10. Total del pais. Poblacion en viviendas particulares nacida en otro pais, por lugar de nacimiento, segun sexo registrado al nacer y jurisdiccion. Ano 2022",c2022_tp_migraciones_c10.xlsx,web table (not in PDF); PDF top-30 list p.13
Asia,Israel,1394,695,699,1394,Poblacion en viviendas particulares (private dwellings only),"Cuadro 10. Total del pais. Poblacion en viviendas particulares nacida en otro pais, por lugar de nacimiento, segun sexo registrado al nacer y jurisdiccion. Ano 2022",c2022_tp_migraciones_c10.xlsx,web table (not in PDF); PDF top-30 list p.13
Asia,Japón,2703,1436,1267,2703,Poblacion en viviendas particulares (private dwellings only),"Cuadro 10. Total del pais. Poblacion en viviendas particulares nacida en otro pais, por lugar de nacimiento, segun sexo registrado al nacer y jurisdiccion. Ano 2022",c2022_tp_migraciones_c10.xlsx,web table (not in PDF); PDF top-30 list p.13
Asia,Jordania,30,17,13,30,Poblacion en viviendas particulares (private dwellings only),"Cuadro 10. Total del pais. Poblacion en viviendas particulares nacida en otro pais, por lugar de nacimiento, segun sexo registrado al nacer y jurisdiccion. Ano 2022",c2022_tp_migraciones_c10.xlsx,web table (not in PDF); PDF top-30 list p.13
Asia,Kazajstán,221,127,94,221,Poblacion en viviendas particulares (private dwellings only),"Cuadro 10. Total del pais. Poblacion en viviendas particulares nacida en otro pais, por lugar de nacimiento, segun sexo registrado al nacer y jurisdiccion. Ano 2022",c2022_tp_migraciones_c10.xlsx,web table (not in PDF); PDF top-30 list p.13
Asia,Kirguistán,57,34,23,57,Poblacion en viviendas particulares (private dwellings only),"Cuadro 10. Total del pais. Poblacion en viviendas particulares nacida en otro pais, por lugar de nacimiento, segun sexo registrado al nacer y jurisdiccion. Ano 2022",c2022_tp_migraciones_c10.xlsx,web table (not in PDF); PDF top-30 list p.13
Asia,Kuwait,14,4,10,14,Poblacion en viviendas particulares (private dwellings only),"Cuadro 10. Total del pais. Poblacion en viviendas particulares nacida en otro pais, por lugar de nacimiento, segun sexo registrado al nacer y jurisdiccion. Ano 2022",c2022_tp_migraciones_c10.xlsx,web table (not in PDF); PDF top-30 list p.13
Asia,Laos,442,227,215,442,Poblacion en viviendas particulares (private dwellings only),"Cuadro 10. Total del pais. Poblacion en viviendas particulares nacida en otro pais, por lugar de nacimiento, segun sexo registrado al nacer y jurisdiccion. Ano 2022",c2022_tp_migraciones_c10.xlsx,web table (not in PDF); PDF top-30 list p.13
Asia,Líbano,566,284,282,566,Poblacion en viviendas particulares (private dwellings only),"Cuadro 10. Total del pais. Poblacion en viviendas particulares nacida en otro pais, por lugar de nacimiento, segun sexo registrado al nacer y jurisdiccion. Ano 2022",c2022_tp_migraciones_c10.xlsx,web table (not in PDF); PDF top-30 list p.13
Asia,Macao (región administrativa especial de China),21,8,13,21,Poblacion en viviendas particulares (private dwellings only),"Cuadro 10. Total del pais. Poblacion en viviendas particulares nacida en otro pais, por lugar de nacimiento, segun sexo registrado al nacer y jurisdiccion. Ano 2022",c2022_tp_migraciones_c10.xlsx,web table (not in PDF); PDF top-30 list p.13
Asia,Malasia,50,28,22,50,Poblacion en viviendas particulares (private dwellings only),"Cuadro 10. Total del pais. Poblacion en viviendas particulares nacida en otro pais, por lugar de nacimiento, segun sexo registrado al nacer y jurisdiccion. Ano 2022",c2022_tp_migraciones_c10.xlsx,web table (not in PDF); PDF top-30 list p.13
Asia,Maldivas,2,0,2,2,Poblacion en viviendas particulares (private dwellings only),"Cuadro 10. Total del pais. Poblacion en viviendas particulares nacida en otro pais, por lugar de nacimiento, segun sexo registrado al nacer y jurisdiccion. Ano 2022",c2022_tp_migraciones_c10.xlsx,web table (not in PDF); PDF top-30 list p.13
Asia,Mongolia,5,4,1,5,Poblacion en viviendas particulares (private dwellings only),"Cuadro 10. Total del pais. Poblacion en viviendas particulares nacida en otro pais, por lugar de nacimiento, segun sexo registrado al nacer y jurisdiccion. Ano 2022",c2022_tp_migraciones_c10.xlsx,web table (not in PDF); PDF top-30 list p.13
Asia,Myanmar,5,1,4,5,Poblacion en viviendas particulares (private dwellings only),"Cuadro 10. Total del pais. Poblacion en viviendas particulares nacida en otro pais, por lugar de nacimiento, segun sexo registrado al nacer y jurisdiccion. Ano 2022",c2022_tp_migraciones_c10.xlsx,web table (not in PDF); PDF top-30 list p.13
Asia,Nepal,9,0,9,9,Poblacion en viviendas particulares (private dwellings only),"Cuadro 10. Total del pais. Poblacion en viviendas particulares nacida en otro pais, por lugar de nacimiento, segun sexo registrado al nacer y jurisdiccion. Ano 2022",c2022_tp_migraciones_c10.xlsx,web table (not in PDF); PDF top-30 list p.13
Asia,Omán,1,0,1,1,Poblacion en viviendas particulares (private dwellings only),"Cuadro 10. Total del pais. Poblacion en viviendas particulares nacida en otro pais, por lugar de nacimiento, segun sexo registrado al nacer y jurisdiccion. Ano 2022",c2022_tp_migraciones_c10.xlsx,web table (not in PDF); PDF top-30 list p.13
Asia,Pakistán,69,21,48,69,Poblacion en viviendas particulares (private dwellings only),"Cuadro 10. Total del pais. Poblacion en viviendas particulares nacida en otro pais, por lugar de nacimiento, segun sexo registrado al nacer y jurisdiccion. Ano 2022",c2022_tp_migraciones_c10.xlsx,web table (not in PDF); PDF top-30 list p.13
Asia,Palestina,47,22,25,47,Poblacion en viviendas particulares (private dwellings only),"Cuadro 10. Total del pais. Poblacion en viviendas particulares nacida en otro pais, por lugar de nacimiento, segun sexo registrado al nacer y jurisdiccion. Ano 2022",c2022_tp_migraciones_c10.xlsx,web table (not in PDF); PDF top-30 list p.13
Asia,Qatar,15,3,12,15,Poblacion en viviendas particulares (private dwellings only),"Cuadro 10. Total del pais. Poblacion en viviendas particulares nacida en otro pais, por lugar de nacimiento, segun sexo registrado al nacer y jurisdiccion. Ano 2022",c2022_tp_migraciones_c10.xlsx,web table (not in PDF); PDF top-30 list p.13
Asia,Singapur,52,29,23,52,Poblacion en viviendas particulares (private dwellings only),"Cuadro 10. Total del pais. Poblacion en viviendas particulares nacida en otro pais, por lugar de nacimiento, segun sexo registrado al nacer y jurisdiccion. Ano 2022",c2022_tp_migraciones_c10.xlsx,web table (not in PDF); PDF top-30 list p.13
Asia,Siria,1324,558,766,1324,Poblacion en viviendas particulares (private dwellings only),"Cuadro 10. Total del pais. Poblacion en viviendas particulares nacida en otro pais, por lugar de nacimiento, segun sexo registrado al nacer y jurisdiccion. Ano 2022",c2022_tp_migraciones_c10.xlsx,web table (not in PDF); PDF top-30 list p.13
Asia,Sri Lanka,12,6,6,12,Poblacion en viviendas particulares (private dwellings only),"Cuadro 10. Total del pais. Poblacion en viviendas particulares nacida en otro pais, por lugar de nacimiento, segun sexo registrado al nacer y jurisdiccion. Ano 2022",c2022_tp_migraciones_c10.xlsx,web table (not in PDF); PDF top-30 list p.13
Asia,Tailandia,132,81,51,132,Poblacion en viviendas particulares (private dwellings only),"Cuadro 10. Total del pais. Poblacion en viviendas particulares nacida en otro pais, por lugar de nacimiento, segun sexo registrado al nacer y jurisdiccion. Ano 2022",c2022_tp_migraciones_c10.xlsx,web table (not in PDF); PDF top-30 list p.13
Asia,Taiwán,3018,1551,1467,3018,Poblacion en viviendas particulares (private dwellings only),"Cuadro 10. Total del pais. Poblacion en viviendas particulares nacida en otro pais, por lugar de nacimiento, segun sexo registrado al nacer y jurisdiccion. Ano 2022",c2022_tp_migraciones_c10.xlsx,web table (not in PDF); PDF top-30 list p.13
Asia,Tayikistán,6,2,4,6,Poblacion en viviendas particulares (private dwellings only),"Cuadro 10. Total del pais. Poblacion en viviendas particulares nacida en otro pais, por lugar de nacimiento, segun sexo registrado al nacer y jurisdiccion. Ano 2022",c2022_tp_migraciones_c10.xlsx,web table (not in PDF); PDF top-30 list p.13
Asia,Timor Leste,1,1,0,1,Poblacion en viviendas particulares (private dwellings only),"Cuadro 10. Total del pais. Poblacion en viviendas particulares nacida en otro pais, por lugar de nacimiento, segun sexo registrado al nacer y jurisdiccion. Ano 2022",c2022_tp_migraciones_c10.xlsx,web table (not in PDF); PDF top-30 list p.13
Asia,Turkmenistán,23,16,7,23,Poblacion en viviendas particulares (private dwellings only),"Cuadro 10. Total del pais. Poblacion en viviendas particulares nacida en otro pais, por lugar de nacimiento, segun sexo registrado al nacer y jurisdiccion. Ano 2022",c2022_tp_migraciones_c10.xlsx,web table (not in PDF); PDF top-30 list p.13
Asia,Uzbekistán,42,24,18,42,Poblacion en viviendas particulares (private dwellings only),"Cuadro 10. Total del pais. Poblacion en viviendas particulares nacida en otro pais, por lugar de nacimiento, segun sexo registrado al nacer y jurisdiccion. Ano 2022",c2022_tp_migraciones_c10.xlsx,web table (not in PDF); PDF top-30 list p.13
Asia,Viet Nam,89,56,33,89,Poblacion en viviendas particulares (private dwellings only),"Cuadro 10. Total del pais. Poblacion en viviendas particulares nacida en otro pais, por lugar de nacimiento, segun sexo registrado al nacer y jurisdiccion. Ano 2022",c2022_tp_migraciones_c10.xlsx,web table (not in PDF); PDF top-30 list p.13
Asia,Yemen,7,1,6,7,Poblacion en viviendas particulares (private dwellings only),"Cuadro 10. Total del pais. Poblacion en viviendas particulares nacida en otro pais, por lugar de nacimiento, segun sexo registrado al nacer y jurisdiccion. Ano 2022",c2022_tp_migraciones_c10.xlsx,web table (not in PDF); PDF top-30 list p.13
Asia,Indeterminado ( Asia ),23,14,9,23,Poblacion en viviendas particulares (private dwellings only),"Cuadro 10. Total del pais. Poblacion en viviendas particulares nacida en otro pais, por lugar de nacimiento, segun sexo registrado al nacer y jurisdiccion. Ano 2022",c2022_tp_migraciones_c10.xlsx,web table (not in PDF); PDF top-30 list p.13
Europa,Albania,164,90,74,164,Poblacion en viviendas particulares (private dwellings only),"Cuadro 10. Total del pais. Poblacion en viviendas particulares nacida en otro pais, por lugar de nacimiento, segun sexo registrado al nacer y jurisdiccion. Ano 2022",c2022_tp_migraciones_c10.xlsx,web table (not in PDF); PDF top-30 list p.13
Europa,Alemania,4087,2179,1908,4087,Poblacion en viviendas particulares (private dwellings only),"Cuadro 10. Total del pais. Poblacion en viviendas particulares nacida en otro pais, por lugar de nacimiento, segun sexo registrado al nacer y jurisdiccion. Ano 2022",c2022_tp_migraciones_c10.xlsx,web table (not in PDF); PDF top-30 list p.13
Europa,Andorra,129,54,75,129,Poblacion en viviendas particulares (private dwellings only),"Cuadro 10. Total del pais. Poblacion en viviendas particulares nacida en otro pais, por lugar de nacimiento, segun sexo registrado al nacer y jurisdiccion. Ano 2022",c2022_tp_migraciones_c10.xlsx,web table (not in PDF); PDF top-30 list p.13
Europa,Austria,679,393,286,679,Poblacion en viviendas particulares (private dwellings only),"Cuadro 10. Total del pais. Poblacion en viviendas particulares nacida en otro pais, por lugar de nacimiento, segun sexo registrado al nacer y jurisdiccion. Ano 2022",c2022_tp_migraciones_c10.xlsx,web table (not in PDF); PDF top-30 list p.13
Europa,Belarús,106,73,33,106,Poblacion en viviendas particulares (private dwellings only),"Cuadro 10. Total del pais. Poblacion en viviendas particulares nacida en otro pais, por lugar de nacimiento, segun sexo registrado al nacer y jurisdiccion. Ano 2022",c2022_tp_migraciones_c10.xlsx,web table (not in PDF); PDF top-30 list p.13
Europa,Bélgica,703,367,336,703,Poblacion en viviendas particulares (private dwellings only),"Cuadro 10. Total del pais. Poblacion en viviendas particulares nacida en otro pais, por lugar de nacimiento, segun sexo registrado al nacer y jurisdiccion. Ano 2022",c2022_tp_migraciones_c10.xlsx,web table (not in PDF); PDF top-30 list p.13
Europa,Bosnia y Herzegovina,28,12,16,28,Poblacion en viviendas particulares (private dwellings only),"Cuadro 10. Total del pais. Poblacion en viviendas particulares nacida en otro pais, por lugar de nacimiento, segun sexo registrado al nacer y jurisdiccion. Ano 2022",c2022_tp_migraciones_c10.xlsx,web table (not in PDF); PDF top-30 list p.13
Europa,Bulgaria,126,74,52,126,Poblacion en viviendas particulares (private dwellings only),"Cuadro 10. Total del pais. Poblacion en viviendas particulares nacida en otro pais, por lugar de nacimiento, segun sexo registrado al nacer y jurisdiccion. Ano 2022",c2022_tp_migraciones_c10.xlsx,web table (not in PDF); PDF top-30 list p.13
Europa,Chipre,33,18,15,33,Poblacion en viviendas particulares (private dwellings only),"Cuadro 10. Total del pais. Poblacion en viviendas particulares nacida en otro pais, por lugar de nacimiento, segun sexo registrado al nacer y jurisdiccion. Ano 2022",c2022_tp_migraciones_c10.xlsx,web table (not in PDF); PDF top-30 list p.13
Europa,Croacia,674,397,277,674,Poblacion en viviendas particulares (private dwellings only),"Cuadro 10. Total del pais. Poblacion en viviendas particulares nacida en otro pais, por lugar de nacimiento, segun sexo registrado al nacer y jurisdiccion. Ano 2022",c2022_tp_migraciones_c10.xlsx,web table (not in PDF); PDF top-30 list p.13
Europa,Dinamarca,191,97,94,191,Poblacion en viviendas particulares (private dwellings only),"Cuadro 10. Total del pais. Poblacion en viviendas particulares nacida en otro pais, por lugar de nacimiento, segun sexo registrado al nacer y jurisdiccion. Ano 2022",c2022_tp_migraciones_c10.xlsx,web table (not in PDF); PDF top-30 list p.13
Europa,Eslovaquia,100,59,41,100,Poblacion en viviendas particulares (private dwellings only),"Cuadro 10. Total del pais. Poblacion en viviendas particulares nacida en otro pais, por lugar de nacimiento, segun sexo registrado al nacer y jurisdiccion. Ano 2022",c2022_tp_migraciones_c10.xlsx,web table (not in PDF); PDF top-30 list p.13
Europa,Eslovenia,508,300,208,508,Poblacion en viviendas particulares (private dwellings only),"Cuadro 10. Total del pais. Poblacion en viviendas particulares nacida en otro pais, por lugar de nacimiento, segun sexo registrado al nacer y jurisdiccion. Ano 2022",c2022_tp_migraciones_c10.xlsx,web table (not in PDF); PDF top-30 list p.13
Europa,España,48492,27550,20942,48492,Poblacion en viviendas particulares (private dwellings only),"Cuadro 10. Total del pais. Poblacion en viviendas particulares nacida en otro pais, por lugar de nacimiento, segun sexo registrado al nacer y jurisdiccion. Ano 2022",c2022_tp_migraciones_c10.xlsx,web table (not in PDF); PDF top-30 list p.13
Europa,Estonia,37,21,16,37,Poblacion en viviendas particulares (private dwellings only),"Cuadro 10. Total del pais. Poblacion en viviendas particulares nacida en otro pais, por lugar de nacimiento, segun sexo registrado al nacer y jurisdiccion. Ano 2022",c2022_tp_migraciones_c10.xlsx,web table (not in PDF); PDF top-30 list p.13
Europa,Ex Checoslovaquia,18,11,7,18,Poblacion en viviendas particulares (private dwellings only),"Cuadro 10. Total del pais. Poblacion en viviendas particulares nacida en otro pais, por lugar de nacimiento, segun sexo registrado al nacer y jurisdiccion. Ano 2022",c2022_tp_migraciones_c10.xlsx,web table (not in PDF); PDF top-30 list p.13
Europa,Ex Yugoslavia,71,45,26,71,Poblacion en viviendas particulares (private dwellings only),"Cuadro 10. Total del pais. Poblacion en viviendas particulares nacida en otro pais, por lugar de nacimiento, segun sexo registrado al nacer y jurisdiccion. Ano 2022",c2022_tp_migraciones_c10.xlsx,web table (not in PDF); PDF top-30 list p.13
Europa,Finlandia,70,40,30,70,Poblacion en viviendas particulares (private dwellings only),"Cuadro 10. Total del pais. Poblacion en viviendas particulares nacida en otro pais, por lugar de nacimiento, segun sexo registrado al nacer y jurisdiccion. Ano 2022",c2022_tp_migraciones_c10.xlsx,web table (not in PDF); PDF top-30 list p.13
Europa,Francia,3960,1945,2015,3960,Poblacion en viviendas particulares (private dwellings only),"Cuadro 10. Total del pais. Poblacion en viviendas particulares nacida en otro pais, por lugar de nacimiento, segun sexo registrado al nacer y jurisdiccion. Ano 2022",c2022_tp_migraciones_c10.xlsx,web table (not in PDF); PDF top-30 list p.13
Europa,Grecia,694,380,314,694,Poblacion en viviendas particulares (private dwellings only),"Cuadro 10. Total del pais. Poblacion en viviendas particulares nacida en otro pais, por lugar de nacimiento, segun sexo registrado al nacer y jurisdiccion. Ano 2022",c2022_tp_migraciones_c10.xlsx,web table (not in PDF); PDF top-30 list p.13
Europa,Hungría,415,239,176,415,Poblacion en viviendas particulares (private dwellings only),"Cuadro 10. Total del pais. Poblacion en viviendas particulares nacida en otro pais, por lugar de nacimiento, segun sexo registrado al nacer y jurisdiccion. Ano 2022",c2022_tp_migraciones_c10.xlsx,web table (not in PDF); PDF top-30 list p.13
Europa,Irlanda,155,60,95,155,Poblacion en viviendas particulares (private dwellings only),"Cuadro 10. Total del pais. Poblacion en viviendas particulares nacida en otro pais, por lugar de nacimiento, segun sexo registrado al nacer y jurisdiccion. Ano 2022",c2022_tp_migraciones_c10.xlsx,web table (not in PDF); PDF top-30 list p.13
Europa,Islandia,11,1,10,11,Poblacion en viviendas particulares (private dwellings only),"Cuadro 10. Total del pais. Poblacion en viviendas particulares nacida en otro pais, por lugar de nacimiento, segun sexo registrado al nacer y jurisdiccion. Ano 2022",c2022_tp_migraciones_c10.xlsx,web table (not in PDF); PDF top-30 list p.13
Europa,Italia,68169,39474,28695,68169,Poblacion en viviendas particulares (private dwellings only),"Cuadro 10. Total del pais. Poblacion en viviendas particulares nacida en otro pais, por lugar de nacimiento, segun sexo registrado al nacer y jurisdiccion. Ano 2022",c2022_tp_migraciones_c10.xlsx,web table (not in PDF); PDF top-30 list p.13
Europa,Letonia,57,40,17,57,Poblacion en viviendas particulares (private dwellings only),"Cuadro 10. Total del pais. Poblacion en viviendas particulares nacida en otro pais, por lugar de nacimiento, segun sexo registrado al nacer y jurisdiccion. Ano 2022",c2022_tp_migraciones_c10.xlsx,web table (not in PDF); PDF top-30 list p.13
Europa,Liechtenstein,3,2,1,3,Poblacion en viviendas particulares (private dwellings only),"Cuadro 10. Total del pais. Poblacion en viviendas particulares nacida en otro pais, por lugar de nacimiento, segun sexo registrado al nacer y jurisdiccion. Ano 2022",c2022_tp_migraciones_c10.xlsx,web table (not in PDF); PDF top-30 list p.13
Europa,Lituania,79,54,25,79,Poblacion en viviendas particulares (private dwellings only),"Cuadro 10. Total del pais. Poblacion en viviendas particulares nacida en otro pais, por lugar de nacimiento, segun sexo registrado al nacer y jurisdiccion. Ano 2022",c2022_tp_migraciones_c10.xlsx,web table (not in PDF); PDF top-30 list p.13
Europa,Luxemburgo,14,10,4,14,Poblacion en viviendas particulares (private dwellings only),"Cuadro 10. Total del pais. Poblacion en viviendas particulares nacida en otro pais, por lugar de nacimiento, segun sexo registrado al nacer y jurisdiccion. Ano 2022",c2022_tp_migraciones_c10.xlsx,web table (not in PDF); PDF top-30 list p.13
Europa,Macedonia,39,19,20,39,Poblacion en viviendas particulares (private dwellings only),"Cuadro 10. Total del pais. Poblacion en viviendas particulares nacida en otro pais, por lugar de nacimiento, segun sexo registrado al nacer y jurisdiccion. Ano 2022",c2022_tp_migraciones_c10.xlsx,web table (not in PDF); PDF top-30 list p.13
Europa,Malta,11,6,5,11,Poblacion en viviendas particulares (private dwellings only),"Cuadro 10. Total del pais. Poblacion en viviendas particulares nacida en otro pais, por lugar de nacimiento, segun sexo registrado al nacer y jurisdiccion. Ano 2022",c2022_tp_migraciones_c10.xlsx,web table (not in PDF); PDF top-30 list p.13
Europa,Moldova,50,28,22,50,Poblacion en viviendas particulares (private dwellings only),"Cuadro 10. Total del pais. Poblacion en viviendas particulares nacida en otro pais, por lugar de nacimiento, segun sexo registrado al nacer y jurisdiccion. Ano 2022",c2022_tp_migraciones_c10.xlsx,web table (not in PDF); PDF top-30 list p.13
Europa,Mónaco,12,7,5,12,Poblacion en viviendas particulares (private dwellings only),"Cuadro 10. Total del pais. Poblacion en viviendas particulares nacida en otro pais, por lugar de nacimiento, segun sexo registrado al nacer y jurisdiccion. Ano 2022",c2022_tp_migraciones_c10.xlsx,web table (not in PDF); PDF top-30 list p.13
Europa,Montenegro,5,1,4,5,Poblacion en viviendas particulares (private dwellings only),"Cuadro 10. Total del pais. Poblacion en viviendas particulares nacida en otro pais, por lugar de nacimiento, segun sexo registrado al nacer y jurisdiccion. Ano 2022",c2022_tp_migraciones_c10.xlsx,web table (not in PDF); PDF top-30 list p.13
Europa,Noruega,105,52,53,105,Poblacion en viviendas particulares (private dwellings only),"Cuadro 10. Total del pais. Poblacion en viviendas particulares nacida en otro pais, por lugar de nacimiento, segun sexo registrado al nacer y jurisdiccion. Ano 2022",c2022_tp_migraciones_c10.xlsx,web table (not in PDF); PDF top-30 list p.13
Europa,Países Bajos,683,328,355,683,Poblacion en viviendas particulares (private dwellings only),"Cuadro 10. Total del pais. Poblacion en viviendas particulares nacida en otro pais, por lugar de nacimiento, segun sexo registrado al nacer y jurisdiccion. Ano 2022",c2022_tp_migraciones_c10.xlsx,web table (not in PDF); PDF top-30 list p.13
Europa,Polonia,1408,927,481,1408,Poblacion en viviendas particulares (private dwellings only),"Cuadro 10. Total del pais. Poblacion en viviendas particulares nacida en otro pais, por lugar de nacimiento, segun sexo registrado al nacer y jurisdiccion. Ano 2022",c2022_tp_migraciones_c10.xlsx,web table (not in PDF); PDF top-30 list p.13
Europa,Portugal,3281,1778,1503,3281,Poblacion en viviendas particulares (private dwellings only),"Cuadro 10. Total del pais. Poblacion en viviendas particulares nacida en otro pais, por lugar de nacimiento, segun sexo registrado al nacer y jurisdiccion. Ano 2022",c2022_tp_migraciones_c10.xlsx,web table (not in PDF); PDF top-30 list p.13
Europa,Reino Unido de Gran Bretaña e Irlanda del Norte,1840,790,1050,1840,Poblacion en viviendas particulares (private dwellings only),"Cuadro 10. Total del pais. Poblacion en viviendas particulares nacida en otro pais, por lugar de nacimiento, segun sexo registrado al nacer y jurisdiccion. Ano 2022",c2022_tp_migraciones_c10.xlsx,web table (not in PDF); PDF top-30 list p.13
Europa,República Checa,203,117,86,203,Poblacion en viviendas particulares (private dwellings only),"Cuadro 10. Total del pais. Poblacion en viviendas particulares nacida en otro pais, por lugar de nacimiento, segun sexo registrado al nacer y jurisdiccion. Ano 2022",c2022_tp_migraciones_c10.xlsx,web table (not in PDF); PDF top-30 list p.13
Europa,Rumania,379,230,149,379,Poblacion en viviendas particulares (private dwellings only),"Cuadro 10. Total del pais. Poblacion en viviendas particulares nacida en otro pais, por lugar de nacimiento, segun sexo registrado al nacer y jurisdiccion. Ano 2022",c2022_tp_migraciones_c10.xlsx,web table (not in PDF); PDF top-30 list p.13
Europa,Rusia,2169,1306,863,2169,Poblacion en viviendas particulares (private dwellings only),"Cuadro 10. Total del pais. Poblacion en viviendas particulares nacida en otro pais, por lugar de nacimiento, segun sexo registrado al nacer y jurisdiccion. Ano 2022",c2022_tp_migraciones_c10.xlsx,web table (not in PDF); PDF top-30 list p.13
Europa,San Marino,11,6,5,11,Poblacion en viviendas particulares (private dwellings only),"Cuadro 10. Total del pais. Poblacion en viviendas particulares nacida en otro pais, por lugar de nacimiento, segun sexo registrado al nacer y jurisdiccion. Ano 2022",c2022_tp_migraciones_c10.xlsx,web table (not in PDF); PDF top-30 list p.13
Europa,Serbia,140,83,57,140,Poblacion en viviendas particulares (private dwellings only),"Cuadro 10. Total del pais. Poblacion en viviendas particulares nacida en otro pais, por lugar de nacimiento, segun sexo registrado al nacer y jurisdiccion. Ano 2022",c2022_tp_migraciones_c10.xlsx,web table (not in PDF); PDF top-30 list p.13
Europa,Serbia y Montenegro,12,6,6,12,Poblacion en viviendas particulares (private dwellings only),"Cuadro 10. Total del pais. Poblacion en viviendas particulares nacida en otro pais, por lugar de nacimiento, segun sexo registrado al nacer y jurisdiccion. Ano 2022",c2022_tp_migraciones_c10.xlsx,web table (not in PDF); PDF top-30 list p.13
Europa,Suecia,320,164,156,320,Poblacion en viviendas particulares (private dwellings only),"Cuadro 10. Total del pais. Poblacion en viviendas particulares nacida en otro pais, por lugar de nacimiento, segun sexo registrado al nacer y jurisdiccion. Ano 2022",c2022_tp_migraciones_c10.xlsx,web table (not in PDF); PDF top-30 list p.13
Europa,Suiza,1139,559,580,1139,Poblacion en viviendas particulares (private dwellings only),"Cuadro 10. Total del pais. Poblacion en viviendas particulares nacida en otro pais, por lugar de nacimiento, segun sexo registrado al nacer y jurisdiccion. Ano 2022",c2022_tp_migraciones_c10.xlsx,web table (not in PDF); PDF top-30 list p.13
Europa,Turquía,606,282,324,606,Poblacion en viviendas particulares (private dwellings only),"Cuadro 10. Total del pais. Poblacion en viviendas particulares nacida en otro pais, por lugar de nacimiento, segun sexo registrado al nacer y jurisdiccion. Ano 2022",c2022_tp_migraciones_c10.xlsx,web table (not in PDF); PDF top-30 list p.13
Europa,Ucrania,3486,2034,1452,3486,Poblacion en viviendas particulares (private dwellings only),"Cuadro 10. Total del pais. Poblacion en viviendas particulares nacida en otro pais, por lugar de nacimiento, segun sexo registrado al nacer y jurisdiccion. Ano 2022",c2022_tp_migraciones_c10.xlsx,web table (not in PDF); PDF top-30 list p.13
Europa,Vaticano,4,1,3,4,Poblacion en viviendas particulares (private dwellings only),"Cuadro 10. Total del pais. Poblacion en viviendas particulares nacida en otro pais, por lugar de nacimiento, segun sexo registrado al nacer y jurisdiccion. Ano 2022",c2022_tp_migraciones_c10.xlsx,web table (not in PDF); PDF top-30 list p.13
Europa,Indeterminado (Europa),100,59,41,100,Poblacion en viviendas particulares (private dwellings only),"Cuadro 10. Total del pais. Poblacion en viviendas particulares nacida en otro pais, por lugar de nacimiento, segun sexo registrado al nacer y jurisdiccion. Ano 2022",c2022_tp_migraciones_c10.xlsx,web table (not in PDF); PDF top-30 list p.13
Oceanía,Australia,583,314,269,583,Poblacion en viviendas particulares (private dwellings only),"Cuadro 10. Total del pais. Poblacion en viviendas particulares nacida en otro pais, por lugar de nacimiento, segun sexo registrado al nacer y jurisdiccion. Ano 2022",c2022_tp_migraciones_c10.xlsx,web table (not in PDF); PDF top-30 list p.13
Oceanía,Fiji,5,1,4,5,Poblacion en viviendas particulares (private dwellings only),"Cuadro 10. Total del pais. Poblacion en viviendas particulares nacida en otro pais, por lugar de nacimiento, segun sexo registrado al nacer y jurisdiccion. Ano 2022",c2022_tp_migraciones_c10.xlsx,web table (not in PDF); PDF top-30 list p.13
Oceanía,Kiribati,2,1,1,2,Poblacion en viviendas particulares (private dwellings only),"Cuadro 10. Total del pais. Poblacion en viviendas particulares nacida en otro pais, por lugar de nacimiento, segun sexo registrado al nacer y jurisdiccion. Ano 2022",c2022_tp_migraciones_c10.xlsx,web table (not in PDF); PDF top-30 list p.13
Oceanía,Nauru,2,1,1,2,Poblacion en viviendas particulares (private dwellings only),"Cuadro 10. Total del pais. Poblacion en viviendas particulares nacida en otro pais, por lugar de nacimiento, segun sexo registrado al nacer y jurisdiccion. Ano 2022",c2022_tp_migraciones_c10.xlsx,web table (not in PDF); PDF top-30 list p.13
Oceanía,Nueva Zelandia,116,41,75,116,Poblacion en viviendas particulares (private dwellings only),"Cuadro 10. Total del pais. Poblacion en viviendas particulares nacida en otro pais, por lugar de nacimiento, segun sexo registrado al nacer y jurisdiccion. Ano 2022",c2022_tp_migraciones_c10.xlsx,web table (not in PDF); PDF top-30 list p.13
Oceanía,Papua Nueva Guinea,6,5,1,6,Poblacion en viviendas particulares (private dwellings only),"Cuadro 10. Total del pais. Poblacion en viviendas particulares nacida en otro pais, por lugar de nacimiento, segun sexo registrado al nacer y jurisdiccion. Ano 2022",c2022_tp_migraciones_c10.xlsx,web table (not in PDF); PDF top-30 list p.13
Oceanía,Samoa,1,0,1,1,Poblacion en viviendas particulares (private dwellings only),"Cuadro 10. Total del pais. Poblacion en viviendas particulares nacida en otro pais, por lugar de nacimiento, segun sexo registrado al nacer y jurisdiccion. Ano 2022",c2022_tp_migraciones_c10.xlsx,web table (not in PDF); PDF top-30 list p.13
Oceanía,Tonga,1,0,1,1,Poblacion en viviendas particulares (private dwellings only),"Cuadro 10. Total del pais. Poblacion en viviendas particulares nacida en otro pais, por lugar de nacimiento, segun sexo registrado al nacer y jurisdiccion. Ano 2022",c2022_tp_migraciones_c10.xlsx,web table (not in PDF); PDF top-30 list p.13
Oceanía,Tuvalu,1,0,1,1,Poblacion en viviendas particulares (private dwellings only),"Cuadro 10. Total del pais. Poblacion en viviendas particulares nacida en otro pais, por lugar de nacimiento, segun sexo registrado al nacer y jurisdiccion. Ano 2022",c2022_tp_migraciones_c10.xlsx,web table (not in PDF); PDF top-30 list p.13
Oceanía,Vanuatu,2,0,2,2,Poblacion en viviendas particulares (private dwellings only),"Cuadro 10. Total del pais. Poblacion en viviendas particulares nacida en otro pais, por lugar de nacimiento, segun sexo registrado al nacer y jurisdiccion. Ano 2022",c2022_tp_migraciones_c10.xlsx,web table (not in PDF); PDF top-30 list p.13
Oceanía,Indeterminado (Oceanía),2,0,2,2,Poblacion en viviendas particulares (private dwellings only),"Cuadro 10. Total del pais. Poblacion en viviendas particulares nacida en otro pais, por lugar de nacimiento, segun sexo registrado al nacer y jurisdiccion. Ano 2022",c2022_tp_migraciones_c10.xlsx,web table (not in PDF); PDF top-30 list p.13
Otros,Ex Unión Soviética,32,14,18,32,Poblacion en viviendas particulares (private dwellings only),"Cuadro 10. Total del pais. Poblacion en viviendas particulares nacida en otro pais, por lugar de nacimiento, segun sexo registrado al nacer y jurisdiccion. Ano 2022",c2022_tp_migraciones_c10.xlsx,web table (not in PDF); PDF top-30 list p.13
Otros,IGNORADO,179239,97275,81964,179239,Poblacion en viviendas particulares (private dwellings only),"Cuadro 10. Total del pais. Poblacion en viviendas particulares nacida en otro pais, por lugar de nacimiento, segun sexo registrado al nacer y jurisdiccion. Ano 2022",c2022_tp_migraciones_c10.xlsx,web table (not in PDF); PDF top-30 list p.13
